busco_id,chromosome,bin_id,overlap_percentage
59621at7147,CM085462.1,CM085462.1_bin_929,100.0
59638at7147,CM085462.1,CM085462.1_bin_1049,100.0
59688at7147,CM085462.1,CM085462.1_bin_154,100.0
59954at7147,CM085462.1,CM085462.1_bin_341,16.7101934220191
59954at7147,CM085462.1,CM085462.1_bin_342,83.28980657798091
60066at7147,CM085462.1,CM085462.1_bin_928,100.0
60114at7147,CM085462.1,CM085462.1_bin_623,100.0
60134at7147,CM085462.1,CM085462.1_bin_316,26.48146902535818
60134at7147,CM085462.1,CM085462.1_bin_317,73.51853097464183
60183at7147,CM085462.1,CM085462.1_bin_472,100.0
60331at7147,CM085462.1,CM085462.1_bin_1209,84.54281567489114
60331at7147,CM085462.1,CM085462.1_bin_1210,15.457184325108852
60338at7147,CM085462.1,CM085462.1_bin_1002,35.77801214263319
60338at7147,CM085462.1,CM085462.1_bin_1003,64.22198785736681
60353at7147,CM085462.1,CM085462.1_bin_1579,100.0
60581at7147,CM085462.1,CM085462.1_bin_158,30.63405033038099
60581at7147,CM085462.1,CM085462.1_bin_159,69.36594966961901
60628at7147,CM085462.1,CM085462.1_bin_1661,100.0
60720at7147,CM085462.1,CM085462.1_bin_276,100.0
60849at7147,CM085462.1,CM085462.1_bin_1591,100.0
60947at7147,CM085462.1,CM085462.1_bin_83,100.0
61116at7147,CM085462.1,CM085462.1_bin_1813,100.0
61138at7147,CM085462.1,CM085462.1_bin_183,100.0
61249at7147,CM085462.1,CM085462.1_bin_363,100.0
61276at7147,CM085462.1,CM085462.1_bin_508,100.0
61306at7147,CM085462.1,CM085462.1_bin_882,100.0
61374at7147,CM085462.1,CM085462.1_bin_1192,100.0
61410at7147,CM085462.1,CM085462.1_bin_381,85.11356802516538
61410at7147,CM085462.1,CM085462.1_bin_382,14.886431974834622
61443at7147,CM085462.1,CM085462.1_bin_1079,100.0
61469at7147,CM085462.1,CM085462.1_bin_1773,100.0
61709at7147,CM085462.1,CM085462.1_bin_1059,43.07157464212679
61709at7147,CM085462.1,CM085462.1_bin_1060,56.928425357873216
61746at7147,CM085462.1,CM085462.1_bin_1111,100.0
61774at7147,CM085462.1,CM085462.1_bin_269,100.0
61815at7147,CM085462.1,CM085462.1_bin_970,32.948519894785186
61815at7147,CM085462.1,CM085462.1_bin_971,67.05148010521481
61894at7147,CM085462.1,CM085462.1_bin_1051,100.0
62107at7147,CM085462.1,CM085462.1_bin_1413,66.4691775990972
62107at7147,CM085462.1,CM085462.1_bin_1414,33.53082240090281
62185at7147,CM085462.1,CM085462.1_bin_622,100.0
62197at7147,CM085462.1,CM085462.1_bin_287,100.0
62270at7147,CM085462.1,CM085462.1_bin_1153,100.0
62339at7147,CM085462.1,CM085462.1_bin_1025,100.0
62417at7147,CM085462.1,CM085462.1_bin_1533,100.0
62443at7147,CM085462.1,CM085462.1_bin_1270,50.173181593270655
62443at7147,CM085462.1,CM085462.1_bin_1271,49.82681840672934
62482at7147,CM085462.1,CM085462.1_bin_1675,100.0
62631at7147,CM085462.1,CM085462.1_bin_882,100.0
62725at7147,CM085462.1,CM085462.1_bin_331,100.0
62799at7147,CM085462.1,CM085462.1_bin_730,100.0
62879at7147,CM085462.1,CM085462.1_bin_471,100.0
62907at7147,CM085462.1,CM085462.1_bin_1578,100.0
62916at7147,CM085462.1,CM085462.1_bin_822,100.0
62991at7147,CM085462.1,CM085462.1_bin_1673,100.0
63017at7147,CM085462.1,CM085462.1_bin_50,100.0
63187at7147,CM085462.1,CM085462.1_bin_911,90.37683540404558
63187at7147,CM085462.1,CM085462.1_bin_912,9.62316459595441
63274at7147,CM085462.1,CM085462.1_bin_840,100.0
63323at7147,CM085462.1,CM085462.1_bin_367,100.0
63332at7147,CM085462.1,CM085462.1_bin_722,100.0
63341at7147,CM085462.1,CM085462.1_bin_1190,81.25636533996008
63341at7147,CM085462.1,CM085462.1_bin_1191,18.743634660039923
63354at7147,CM085462.1,CM085462.1_bin_1559,100.0
63388at7147,CM085462.1,CM085462.1_bin_653,100.0
63508at7147,CM085462.1,CM085462.1_bin_772,80.33189201823069
63508at7147,CM085462.1,CM085462.1_bin_773,19.66810798176931
63540at7147,CM085462.1,CM085462.1_bin_315,100.0
63597at7147,CM085462.1,CM085462.1_bin_564,28.099371445674947
63597at7147,CM085462.1,CM085462.1_bin_565,71.90062855432505
63607at7147,CM085462.1,CM085462.1_bin_1149,100.0
63639at7147,CM085462.1,CM085462.1_bin_511,100.0
63691at7147,CM085462.1,CM085462.1_bin_1638,100.0
63808at7147,CM085462.1,CM085462.1_bin_126,100.0
63905at7147,CM085462.1,CM085462.1_bin_912,100.0
63928at7147,CM085462.1,CM085462.1_bin_611,100.0
63959at7147,CM085462.1,CM085462.1_bin_1244,100.0
64084at7147,CM085462.1,CM085462.1_bin_3,100.0
64161at7147,CM085462.1,CM085462.1_bin_127,100.0
64374at7147,CM085462.1,CM085462.1_bin_982,100.0
64440at7147,CM085462.1,CM085462.1_bin_47,100.0
64480at7147,CM085462.1,CM085462.1_bin_1841,100.0
64630at7147,CM085462.1,CM085462.1_bin_366,100.0
64636at7147,CM085462.1,CM085462.1_bin_94,100.0
64639at7147,CM085462.1,CM085462.1_bin_169,100.0
64717at7147,CM085462.1,CM085462.1_bin_128,100.0
64757at7147,CM085462.1,CM085462.1_bin_581,13.736177651705683
64757at7147,CM085462.1,CM085462.1_bin_582,82.45994508167658
64757at7147,CM085462.1,CM085462.1_bin_583,3.8038772666177403
64809at7147,CM085462.1,CM085462.1_bin_242,100.0
64850at7147,CM085462.1,CM085462.1_bin_1039,100.0
64935at7147,CM085462.1,CM085462.1_bin_1210,38.580466939939406
64935at7147,CM085462.1,CM085462.1_bin_1211,61.419533060060594
64974at7147,CM085462.1,CM085462.1_bin_1624,100.0
65003at7147,CM085462.1,CM085462.1_bin_1644,100.0
65169at7147,CM085462.1,CM085462.1_bin_616,57.979502196193266
65169at7147,CM085462.1,CM085462.1_bin_617,42.020497803806734
65361at7147,CM085462.1,CM085462.1_bin_932,100.0
65369at7147,CM085462.1,CM085462.1_bin_410,100.0
65485at7147,CM085462.1,CM085462.1_bin_417,100.0
65602at7147,CM085462.1,CM085462.1_bin_118,100.0
65711at7147,CM085462.1,CM085462.1_bin_1192,100.0
65754at7147,CM085462.1,CM085462.1_bin_503,100.0
65766at7147,CM085462.1,CM085462.1_bin_871,100.0
65834at7147,CM085462.1,CM085462.1_bin_117,11.891558841651264
65834at7147,CM085462.1,CM085462.1_bin_118,88.10844115834874
65844at7147,CM085462.1,CM085462.1_bin_1742,100.0
65894at7147,CM085462.1,CM085462.1_bin_82,100.0
65939at7147,CM085462.1,CM085462.1_bin_446,100.0
65973at7147,CM085462.1,CM085462.1_bin_1350,100.0
66020at7147,CM085462.1,CM085462.1_bin_159,100.0
66053at7147,CM085462.1,CM085462.1_bin_1121,100.0
66326at7147,CM085462.1,CM085462.1_bin_1544,100.0
66330at7147,CM085462.1,CM085462.1_bin_35,100.0
66402at7147,CM085462.1,CM085462.1_bin_1168,100.0
66475at7147,CM085462.1,CM085462.1_bin_992,100.0
66491at7147,CM085462.1,CM085462.1_bin_1364,100.0
66523at7147,CM085462.1,CM085462.1_bin_298,100.0
66606at7147,CM085462.1,CM085462.1_bin_443,100.0
66607at7147,CM085462.1,CM085462.1_bin_773,100.0
66640at7147,CM085462.1,CM085462.1_bin_1545,100.0
66649at7147,CM085462.1,CM085462.1_bin_1924,60.916114357425776
66649at7147,CM085462.1,CM085462.1_bin_1925,39.08388564257422
66869at7147,CM085462.1,CM085462.1_bin_562,100.0
66956at7147,CM085462.1,CM085462.1_bin_1790,100.0
66984at7147,CM085462.1,CM085462.1_bin_1036,52.949912675445866
66984at7147,CM085462.1,CM085462.1_bin_1037,47.050087324554134
67052at7147,CM085462.1,CM085462.1_bin_195,100.0
67176at7147,CM085462.1,CM085462.1_bin_120,100.0
67222at7147,CM085462.1,CM085462.1_bin_991,100.0
67233at7147,CM085462.1,CM085462.1_bin_321,15.059963099630997
67233at7147,CM085462.1,CM085462.1_bin_322,84.94003690036901
67337at7147,CM085462.1,CM085462.1_bin_1215,100.0
67451at7147,CM085462.1,CM085462.1_bin_1217,100.0
67520at7147,CM085462.1,CM085462.1_bin_1211,100.0
67636at7147,CM085462.1,CM085462.1_bin_154,100.0
67644at7147,CM085462.1,CM085462.1_bin_1007,100.0
67659at7147,CM085462.1,CM085462.1_bin_238,100.0
67830at7147,CM085462.1,CM085462.1_bin_283,100.0
67845at7147,CM085462.1,CM085462.1_bin_247,100.0
67858at7147,CM085462.1,CM085462.1_bin_457,100.0
68052at7147,CM085462.1,CM085462.1_bin_26,100.0
68075at7147,CM085462.1,CM085462.1_bin_1022,100.0
68082at7147,CM085462.1,CM085462.1_bin_1796,100.0
68192at7147,CM085462.1,CM085462.1_bin_1696,59.86572785328311
68192at7147,CM085462.1,CM085462.1_bin_1697,40.13427214671688
68227at7147,CM085462.1,CM085462.1_bin_1276,100.0
68278at7147,CM085462.1,CM085462.1_bin_457,100.0
68288at7147,CM085462.1,CM085462.1_bin_736,50.03908667470115
68288at7147,CM085462.1,CM085462.1_bin_737,49.96091332529885
68292at7147,CM085462.1,CM085462.1_bin_1771,73.19380156973234
68292at7147,CM085462.1,CM085462.1_bin_1772,26.806198430267656
68373at7147,CM085462.1,CM085462.1_bin_27,100.0
68399at7147,CM085462.1,CM085462.1_bin_905,100.0
68458at7147,CM085462.1,CM085462.1_bin_194,100.0
68528at7147,CM085462.1,CM085462.1_bin_1213,100.0
68571at7147,CM085462.1,CM085462.1_bin_1654,100.0
68670at7147,CM085462.1,CM085462.1_bin_458,100.0
68714at7147,CM085462.1,CM085462.1_bin_1052,100.0
68972at7147,CM085462.1,CM085462.1_bin_871,100.0
69010at7147,CM085462.1,CM085462.1_bin_2,100.0
69053at7147,CM085462.1,CM085462.1_bin_1155,100.0
69074at7147,CM085462.1,CM085462.1_bin_959,100.0
69085at7147,CM085462.1,CM085462.1_bin_1171,100.0
69261at7147,CM085462.1,CM085462.1_bin_770,100.0
69265at7147,CM085462.1,CM085462.1_bin_1201,100.0
69313at7147,CM085462.1,CM085462.1_bin_1182,100.0
69480at7147,CM085462.1,CM085462.1_bin_681,100.0
69591at7147,CM085462.1,CM085462.1_bin_1171,100.0
70035at7147,CM085462.1,CM085462.1_bin_866,100.0
70044at7147,CM085462.1,CM085462.1_bin_14,100.0
70080at7147,CM085462.1,CM085462.1_bin_507,78.5153752252514
70080at7147,CM085462.1,CM085462.1_bin_508,21.48462477474859
70106at7147,CM085462.1,CM085462.1_bin_190,100.0
70108at7147,CM085462.1,CM085462.1_bin_341,100.0
70109at7147,CM085462.1,CM085462.1_bin_61,100.0
70302at7147,CM085462.1,CM085462.1_bin_683,100.0
70395at7147,CM085462.1,CM085462.1_bin_1220,100.0
70418at7147,CM085462.1,CM085462.1_bin_357,100.0
70477at7147,CM085462.1,CM085462.1_bin_1040,100.0
70519at7147,CM085462.1,CM085462.1_bin_1276,100.0
70552at7147,CM085462.1,CM085462.1_bin_1028,60.577776225241905
70552at7147,CM085462.1,CM085462.1_bin_1029,39.422223774758095
70608at7147,CM085462.1,CM085462.1_bin_95,100.0
70637at7147,CM085462.1,CM085462.1_bin_1911,100.0
70645at7147,CM085462.1,CM085462.1_bin_1175,100.0
70779at7147,CM085462.1,CM085462.1_bin_1699,100.0
70846at7147,CM085462.1,CM085462.1_bin_1130,100.0
70853at7147,CM085462.1,CM085462.1_bin_1272,100.0
70886at7147,CM085462.1,CM085462.1_bin_1360,100.0
70943at7147,CM085462.1,CM085462.1_bin_866,100.0
71013at7147,CM085462.1,CM085462.1_bin_903,6.405971479500891
71013at7147,CM085462.1,CM085462.1_bin_904,93.59402852049911
71088at7147,CM085462.1,CM085462.1_bin_870,100.0
71152at7147,CM085462.1,CM085462.1_bin_177,100.0
71223at7147,CM085462.1,CM085462.1_bin_771,100.0
71353at7147,CM085462.1,CM085462.1_bin_625,100.0
71374at7147,CM085462.1,CM085462.1_bin_380,100.0
71443at7147,CM085462.1,CM085462.1_bin_764,100.0
71469at7147,CM085462.1,CM085462.1_bin_1802,8.215630072175985
71469at7147,CM085462.1,CM085462.1_bin_1803,91.78436992782402
71559at7147,CM085462.1,CM085462.1_bin_1699,10.52163933212395
71559at7147,CM085462.1,CM085462.1_bin_1700,89.47836066787606
71581at7147,CM085462.1,CM085462.1_bin_781,100.0
71675at7147,CM085462.1,CM085462.1_bin_866,100.0
72026at7147,CM085462.1,CM085462.1_bin_1035,43.68896925858951
72026at7147,CM085462.1,CM085462.1_bin_1036,56.311030741410484
72055at7147,CM085462.1,CM085462.1_bin_700,100.0
72076at7147,CM085462.1,CM085462.1_bin_1312,100.0
72440at7147,CM085462.1,CM085462.1_bin_456,100.0
72443at7147,CM085462.1,CM085462.1_bin_771,100.0
72447at7147,CM085462.1,CM085462.1_bin_1848,100.0
72706at7147,CM085462.1,CM085462.1_bin_159,100.0
72727at7147,CM085462.1,CM085462.1_bin_1645,100.0
72768at7147,CM085462.1,CM085462.1_bin_668,70.7530834598684
72768at7147,CM085462.1,CM085462.1_bin_669,29.246916540131597
72786at7147,CM085462.1,CM085462.1_bin_50,100.0
72836at7147,CM085462.1,CM085462.1_bin_823,100.0
72948at7147,CM085462.1,CM085462.1_bin_958,87.28304405874499
72948at7147,CM085462.1,CM085462.1_bin_959,12.716955941255007
73317at7147,CM085462.1,CM085462.1_bin_1531,100.0
73590at7147,CM085462.1,CM085462.1_bin_537,100.0
73632at7147,CM085462.1,CM085462.1_bin_1361,100.0
73704at7147,CM085462.1,CM085462.1_bin_1643,100.0
73731at7147,CM085462.1,CM085462.1_bin_57,76.72558678643871
73731at7147,CM085462.1,CM085462.1_bin_58,23.27441321356129
73771at7147,CM085462.1,CM085462.1_bin_678,100.0
73800at7147,CM085462.1,CM085462.1_bin_770,100.0
73888at7147,CM085462.1,CM085462.1_bin_317,100.0
73909at7147,CM085462.1,CM085462.1_bin_302,100.0
73993at7147,CM085462.1,CM085462.1_bin_1199,100.0
73994at7147,CM085462.1,CM085462.1_bin_107,100.0
74410at7147,CM085462.1,CM085462.1_bin_753,100.0
74458at7147,CM085462.1,CM085462.1_bin_792,100.0
74476at7147,CM085462.1,CM085462.1_bin_542,100.0
74477at7147,CM085462.1,CM085462.1_bin_753,100.0
74492at7147,CM085462.1,CM085462.1_bin_1214,100.0
74664at7147,CM085462.1,CM085462.1_bin_197,32.55361795951092
74664at7147,CM085462.1,CM085462.1_bin_198,67.44638204048907
74667at7147,CM085462.1,CM085462.1_bin_1263,47.722325243892605
74667at7147,CM085462.1,CM085462.1_bin_1264,52.277674756107395
74717at7147,CM085462.1,CM085462.1_bin_931,100.0
74794at7147,CM085462.1,CM085462.1_bin_445,100.0
74811at7147,CM085462.1,CM085462.1_bin_1756,100.0
74813at7147,CM085462.1,CM085462.1_bin_927,100.0
74832at7147,CM085462.1,CM085462.1_bin_1883,100.0
74840at7147,CM085462.1,CM085462.1_bin_1209,100.0
74847at7147,CM085462.1,CM085462.1_bin_1229,100.0
74894at7147,CM085462.1,CM085462.1_bin_251,100.0
74895at7147,CM085462.1,CM085462.1_bin_1017,100.0
74995at7147,CM085462.1,CM085462.1_bin_420,100.0
75040at7147,CM085462.1,CM085462.1_bin_1559,100.0
75308at7147,CM085462.1,CM085462.1_bin_1638,76.52962903484824
75308at7147,CM085462.1,CM085462.1_bin_1639,23.47037096515176
75426at7147,CM085462.1,CM085462.1_bin_464,100.0
75478at7147,CM085462.1,CM085462.1_bin_445,100.0
75525at7147,CM085462.1,CM085462.1_bin_1026,48.72619143293418
75525at7147,CM085462.1,CM085462.1_bin_1027,51.273808567065814
75537at7147,CM085462.1,CM085462.1_bin_1197,100.0
76044at7147,CM085462.1,CM085462.1_bin_600,37.933912701919766
76044at7147,CM085462.1,CM085462.1_bin_601,62.066087298080234
76158at7147,CM085462.1,CM085462.1_bin_1208,100.0
76175at7147,CM085462.1,CM085462.1_bin_1276,100.0
76265at7147,CM085462.1,CM085462.1_bin_1156,100.0
76375at7147,CM085462.1,CM085462.1_bin_93,100.0
76376at7147,CM085462.1,CM085462.1_bin_508,100.0
76553at7147,CM085462.1,CM085462.1_bin_366,50.528416564611966
76553at7147,CM085462.1,CM085462.1_bin_367,49.471583435388034
76650at7147,CM085462.1,CM085462.1_bin_655,100.0
76860at7147,CM085462.1,CM085462.1_bin_471,100.0
77167at7147,CM085462.1,CM085462.1_bin_27,100.0
87700at7147,CM085462.1,CM085462.1_bin_1639,100.0
89718at7147,CM085462.1,CM085462.1_bin_1707,100.0
90937at7147,CM085462.1,CM085462.1_bin_154,100.0
91028at7147,CM085462.1,CM085462.1_bin_792,100.0
95207at7147,CM085462.1,CM085462.1_bin_1252,76.37849235635214
95207at7147,CM085462.1,CM085462.1_bin_1253,23.621507643647867
97395at7147,CM085462.1,CM085462.1_bin_880,100.0
98282at7147,CM085462.1,CM085462.1_bin_688,100.0
99488at7147,CM085462.1,CM085462.1_bin_1173,37.04306912775968
99488at7147,CM085462.1,CM085462.1_bin_1174,62.956930872240314
103170at7147,CM085462.1,CM085462.1_bin_57,100.0
103572at7147,CM085462.1,CM085462.1_bin_682,98.41370558375635
103572at7147,CM085462.1,CM085462.1_bin_683,1.5862944162436547
105213at7147,CM085462.1,CM085462.1_bin_877,100.0
110200at7147,CM085462.1,CM085462.1_bin_465,100.0
113530at7147,CM085462.1,CM085462.1_bin_1194,100.0
114603at7147,CM085462.1,CM085462.1_bin_1920,100.0
114765at7147,CM085462.1,CM085462.1_bin_210,100.0
119237at7147,CM085462.1,CM085462.1_bin_772,100.0
119398at7147,CM085462.1,CM085462.1_bin_815,100.0
119940at7147,CM085462.1,CM085462.1_bin_782,100.0
121971at7147,CM085462.1,CM085462.1_bin_868,100.0
123956at7147,CM085462.1,CM085462.1_bin_1669,100.0
127327at7147,CM085462.1,CM085462.1_bin_24,100.0
128900at7147,CM085462.1,CM085462.1_bin_530,100.0
133148at7147,CM085462.1,CM085462.1_bin_328,100.0
133872at7147,CM085462.1,CM085462.1_bin_638,100.0
133899at7147,CM085462.1,CM085462.1_bin_1515,100.0
135807at7147,CM085462.1,CM085462.1_bin_88,45.264704339157355
135807at7147,CM085462.1,CM085462.1_bin_89,54.735295660842645
137178at7147,CM085462.1,CM085462.1_bin_223,46.17808050407449
137178at7147,CM085462.1,CM085462.1_bin_224,53.82191949592552
138312at7147,CM085462.1,CM085462.1_bin_1234,100.0
144236at7147,CM085462.1,CM085462.1_bin_332,100.0
146574at7147,CM085462.1,CM085462.1_bin_1685,100.0
148771at7147,CM085462.1,CM085462.1_bin_1261,100.0
149629at7147,CM085462.1,CM085462.1_bin_158,100.0
149829at7147,CM085462.1,CM085462.1_bin_656,100.0
150523at7147,CM085462.1,CM085462.1_bin_888,100.0
152441at7147,CM085462.1,CM085462.1_bin_1219,100.0
153357at7147,CM085462.1,CM085462.1_bin_1195,36.700077101002314
153357at7147,CM085462.1,CM085462.1_bin_1196,63.299922898997686
153867at7147,CM085462.1,CM085462.1_bin_1050,100.0
154407at7147,CM085462.1,CM085462.1_bin_2,100.0
162010at7147,CM085462.1,CM085462.1_bin_298,100.0
162072at7147,CM085462.1,CM085462.1_bin_465,100.0
162154at7147,CM085462.1,CM085462.1_bin_756,100.0
162238at7147,CM085462.1,CM085462.1_bin_958,100.0
162310at7147,CM085462.1,CM085462.1_bin_1090,100.0
162861at7147,CM085462.1,CM085462.1_bin_1300,100.0
162907at7147,CM085462.1,CM085462.1_bin_339,100.0
162967at7147,CM085462.1,CM085462.1_bin_814,100.0
163232at7147,CM085462.1,CM085462.1_bin_1238,100.0
163245at7147,CM085462.1,CM085462.1_bin_1600,100.0
163641at7147,CM085462.1,CM085462.1_bin_1119,100.0
163733at7147,CM085462.1,CM085462.1_bin_1001,100.0
163873at7147,CM085462.1,CM085462.1_bin_713,100.0
163938at7147,CM085462.1,CM085462.1_bin_180,100.0
164012at7147,CM085462.1,CM085462.1_bin_1316,100.0
164702at7147,CM085462.1,CM085462.1_bin_691,100.0
165092at7147,CM085462.1,CM085462.1_bin_1635,90.86963873076706
165092at7147,CM085462.1,CM085462.1_bin_1636,9.130361269232937
165142at7147,CM085462.1,CM085462.1_bin_1049,25.058874836458788
165142at7147,CM085462.1,CM085462.1_bin_1050,74.94112516354122
165173at7147,CM085462.1,CM085462.1_bin_154,100.0
165211at7147,CM085462.1,CM085462.1_bin_1813,100.0
165282at7147,CM085462.1,CM085462.1_bin_793,100.0
165302at7147,CM085462.1,CM085462.1_bin_374,100.0
165341at7147,CM085462.1,CM085462.1_bin_268,67.8647057964453
165341at7147,CM085462.1,CM085462.1_bin_269,32.135294203554686
165666at7147,CM085462.1,CM085462.1_bin_881,100.0
165755at7147,CM085462.1,CM085462.1_bin_474,100.0
165935at7147,CM085462.1,CM085462.1_bin_530,100.0
166172at7147,CM085462.1,CM085462.1_bin_1660,100.0
166642at7147,CM085462.1,CM085462.1_bin_1349,37.28221974540975
166642at7147,CM085462.1,CM085462.1_bin_1350,62.71778025459025
166906at7147,CM085462.1,CM085462.1_bin_1622,52.25003032385881
166906at7147,CM085462.1,CM085462.1_bin_1623,47.749969676141184
59603at7147,CM085463.1,CM085463.1_bin_1134,100.0
59706at7147,CM085463.1,CM085463.1_bin_565,100.0
59758at7147,CM085463.1,CM085463.1_bin_290,100.0
59881at7147,CM085463.1,CM085463.1_bin_1308,100.0
59885at7147,CM085463.1,CM085463.1_bin_514,100.0
59897at7147,CM085463.1,CM085463.1_bin_357,100.0
59908at7147,CM085463.1,CM085463.1_bin_861,100.0
59991at7147,CM085463.1,CM085463.1_bin_1218,100.0
60157at7147,CM085463.1,CM085463.1_bin_1385,100.0
60174at7147,CM085463.1,CM085463.1_bin_1368,100.0
60271at7147,CM085463.1,CM085463.1_bin_867,100.0
60303at7147,CM085463.1,CM085463.1_bin_1174,100.0
60315at7147,CM085463.1,CM085463.1_bin_844,1.4251781472684086
60315at7147,CM085463.1,CM085463.1_bin_845,98.57482185273159
60381at7147,CM085463.1,CM085463.1_bin_1367,100.0
60501at7147,CM085463.1,CM085463.1_bin_89,100.0
60504at7147,CM085463.1,CM085463.1_bin_1223,100.0
60514at7147,CM085463.1,CM085463.1_bin_335,84.1422993098438
60514at7147,CM085463.1,CM085463.1_bin_336,15.857700690156193
60612at7147,CM085463.1,CM085463.1_bin_541,100.0
60656at7147,CM085463.1,CM085463.1_bin_416,100.0
60688at7147,CM085463.1,CM085463.1_bin_1030,100.0
60708at7147,CM085463.1,CM085463.1_bin_166,100.0
60719at7147,CM085463.1,CM085463.1_bin_848,100.0
60739at7147,CM085463.1,CM085463.1_bin_560,100.0
60817at7147,CM085463.1,CM085463.1_bin_630,100.0
60826at7147,CM085463.1,CM085463.1_bin_379,11.708571094708551
60826at7147,CM085463.1,CM085463.1_bin_380,88.29142890529144
60941at7147,CM085463.1,CM085463.1_bin_973,100.0
60973at7147,CM085463.1,CM085463.1_bin_564,83.90282299903396
60973at7147,CM085463.1,CM085463.1_bin_565,16.097177000966045
61024at7147,CM085463.1,CM085463.1_bin_1306,100.0
61053at7147,CM085463.1,CM085463.1_bin_1142,100.0
61082at7147,CM085463.1,CM085463.1_bin_74,100.0
61113at7147,CM085463.1,CM085463.1_bin_1221,100.0
61242at7147,CM085463.1,CM085463.1_bin_1086,82.6399975901437
61242at7147,CM085463.1,CM085463.1_bin_1087,17.360002409856314
61255at7147,CM085463.1,CM085463.1_bin_540,9.626043192966808
61255at7147,CM085463.1,CM085463.1_bin_541,90.3739568070332
61340at7147,CM085463.1,CM085463.1_bin_254,100.0
61388at7147,CM085463.1,CM085463.1_bin_854,100.0
61398at7147,CM085463.1,CM085463.1_bin_1284,100.0
61497at7147,CM085463.1,CM085463.1_bin_1320,100.0
61509at7147,CM085463.1,CM085463.1_bin_966,100.0
61559at7147,CM085463.1,CM085463.1_bin_127,100.0
61602at7147,CM085463.1,CM085463.1_bin_1311,100.0
61699at7147,CM085463.1,CM085463.1_bin_1334,100.0
61710at7147,CM085463.1,CM085463.1_bin_1383,77.56192546302586
61710at7147,CM085463.1,CM085463.1_bin_1384,22.438074536974142
61713at7147,CM085463.1,CM085463.1_bin_43,100.0
61750at7147,CM085463.1,CM085463.1_bin_253,100.0
61769at7147,CM085463.1,CM085463.1_bin_1139,100.0
61797at7147,CM085463.1,CM085463.1_bin_52,100.0
61842at7147,CM085463.1,CM085463.1_bin_39,58.41016918807627
61842at7147,CM085463.1,CM085463.1_bin_40,41.58983081192373
61879at7147,CM085463.1,CM085463.1_bin_1223,100.0
61890at7147,CM085463.1,CM085463.1_bin_158,100.0
61928at7147,CM085463.1,CM085463.1_bin_52,100.0
61938at7147,CM085463.1,CM085463.1_bin_401,100.0
61986at7147,CM085463.1,CM085463.1_bin_1223,100.0
62045at7147,CM085463.1,CM085463.1_bin_25,70.54760730143069
62045at7147,CM085463.1,CM085463.1_bin_26,29.452392698569312
62048at7147,CM085463.1,CM085463.1_bin_908,100.0
62066at7147,CM085463.1,CM085463.1_bin_77,100.0
62144at7147,CM085463.1,CM085463.1_bin_866,100.0
62147at7147,CM085463.1,CM085463.1_bin_268,100.0
62451at7147,CM085463.1,CM085463.1_bin_1175,100.0
62557at7147,CM085463.1,CM085463.1_bin_1254,100.0
62560at7147,CM085463.1,CM085463.1_bin_549,100.0
62613at7147,CM085463.1,CM085463.1_bin_1386,100.0
62912at7147,CM085463.1,CM085463.1_bin_266,100.0
62957at7147,CM085463.1,CM085463.1_bin_34,100.0
63014at7147,CM085463.1,CM085463.1_bin_386,100.0
63030at7147,CM085463.1,CM085463.1_bin_1109,100.0
63036at7147,CM085463.1,CM085463.1_bin_527,100.0
63096at7147,CM085463.1,CM085463.1_bin_418,100.0
63138at7147,CM085463.1,CM085463.1_bin_1045,55.93261422857836
63138at7147,CM085463.1,CM085463.1_bin_1046,44.06738577142165
63142at7147,CM085463.1,CM085463.1_bin_384,100.0
63177at7147,CM085463.1,CM085463.1_bin_1008,32.11026737285432
63177at7147,CM085463.1,CM085463.1_bin_1009,67.88973262714568
63216at7147,CM085463.1,CM085463.1_bin_1156,100.0
63447at7147,CM085463.1,CM085463.1_bin_273,100.0
63476at7147,CM085463.1,CM085463.1_bin_253,100.0
63492at7147,CM085463.1,CM085463.1_bin_67,100.0
63582at7147,CM085463.1,CM085463.1_bin_1142,100.0
63673at7147,CM085463.1,CM085463.1_bin_374,100.0
63727at7147,CM085463.1,CM085463.1_bin_38,100.0
63804at7147,CM085463.1,CM085463.1_bin_1175,100.0
63838at7147,CM085463.1,CM085463.1_bin_46,100.0
63904at7147,CM085463.1,CM085463.1_bin_158,7.944666192793483
63904at7147,CM085463.1,CM085463.1_bin_159,92.05533380720652
64036at7147,CM085463.1,CM085463.1_bin_393,100.0
64050at7147,CM085463.1,CM085463.1_bin_1368,100.0
64130at7147,CM085463.1,CM085463.1_bin_1361,100.0
64158at7147,CM085463.1,CM085463.1_bin_126,11.49201741654572
64158at7147,CM085463.1,CM085463.1_bin_127,88.50798258345428
64183at7147,CM085463.1,CM085463.1_bin_148,100.0
64195at7147,CM085463.1,CM085463.1_bin_518,97.49448041477513
64195at7147,CM085463.1,CM085463.1_bin_519,2.5055195852248766
64274at7147,CM085463.1,CM085463.1_bin_730,100.0
64333at7147,CM085463.1,CM085463.1_bin_93,100.0
64346at7147,CM085463.1,CM085463.1_bin_1328,100.0
64351at7147,CM085463.1,CM085463.1_bin_762,100.0
64411at7147,CM085463.1,CM085463.1_bin_1350,100.0
64413at7147,CM085463.1,CM085463.1_bin_913,100.0
64519at7147,CM085463.1,CM085463.1_bin_90,100.0
64696at7147,CM085463.1,CM085463.1_bin_732,41.36698682153227
64696at7147,CM085463.1,CM085463.1_bin_733,58.63301317846772
64810at7147,CM085463.1,CM085463.1_bin_973,100.0
65041at7147,CM085463.1,CM085463.1_bin_289,100.0
65076at7147,CM085463.1,CM085463.1_bin_1388,100.0
65138at7147,CM085463.1,CM085463.1_bin_1329,100.0
65151at7147,CM085463.1,CM085463.1_bin_1162,100.0
65217at7147,CM085463.1,CM085463.1_bin_1238,100.0
65232at7147,CM085463.1,CM085463.1_bin_690,100.0
65323at7147,CM085463.1,CM085463.1_bin_372,100.0
65376at7147,CM085463.1,CM085463.1_bin_1378,100.0
65380at7147,CM085463.1,CM085463.1_bin_144,100.0
65433at7147,CM085463.1,CM085463.1_bin_1159,100.0
65523at7147,CM085463.1,CM085463.1_bin_1289,100.0
65537at7147,CM085463.1,CM085463.1_bin_1379,1.065661501233189
65537at7147,CM085463.1,CM085463.1_bin_1380,98.93433849876682
65599at7147,CM085463.1,CM085463.1_bin_82,100.0
65754at7147,CM085463.1,CM085463.1_bin_650,100.0
65801at7147,CM085463.1,CM085463.1_bin_1288,100.0
65992at7147,CM085463.1,CM085463.1_bin_1260,100.0
66007at7147,CM085463.1,CM085463.1_bin_1253,100.0
66048at7147,CM085463.1,CM085463.1_bin_318,100.0
66341at7147,CM085463.1,CM085463.1_bin_512,100.0
66348at7147,CM085463.1,CM085463.1_bin_68,100.0
66349at7147,CM085463.1,CM085463.1_bin_1330,100.0
66361at7147,CM085463.1,CM085463.1_bin_149,100.0
66414at7147,CM085463.1,CM085463.1_bin_38,100.0
66457at7147,CM085463.1,CM085463.1_bin_346,100.0
66514at7147,CM085463.1,CM085463.1_bin_1041,100.0
66515at7147,CM085463.1,CM085463.1_bin_493,100.0
66567at7147,CM085463.1,CM085463.1_bin_1370,100.0
66702at7147,CM085463.1,CM085463.1_bin_546,100.0
66757at7147,CM085463.1,CM085463.1_bin_1138,100.0
66848at7147,CM085463.1,CM085463.1_bin_541,100.0
66927at7147,CM085463.1,CM085463.1_bin_302,100.0
67025at7147,CM085463.1,CM085463.1_bin_418,100.0
67045at7147,CM085463.1,CM085463.1_bin_127,100.0
67170at7147,CM085463.1,CM085463.1_bin_1279,100.0
67195at7147,CM085463.1,CM085463.1_bin_1177,100.0
67335at7147,CM085463.1,CM085463.1_bin_1042,100.0
67347at7147,CM085463.1,CM085463.1_bin_1040,100.0
67592at7147,CM085463.1,CM085463.1_bin_178,100.0
67866at7147,CM085463.1,CM085463.1_bin_1087,100.0
67899at7147,CM085463.1,CM085463.1_bin_1272,100.0
67901at7147,CM085463.1,CM085463.1_bin_1302,100.0
67949at7147,CM085463.1,CM085463.1_bin_112,11.243347356683056
67949at7147,CM085463.1,CM085463.1_bin_113,88.75665264331694
67989at7147,CM085463.1,CM085463.1_bin_45,100.0
68004at7147,CM085463.1,CM085463.1_bin_1040,100.0
68417at7147,CM085463.1,CM085463.1_bin_89,100.0
68482at7147,CM085463.1,CM085463.1_bin_1253,100.0
68535at7147,CM085463.1,CM085463.1_bin_297,100.0
68649at7147,CM085463.1,CM085463.1_bin_322,100.0
68696at7147,CM085463.1,CM085463.1_bin_1377,100.0
68729at7147,CM085463.1,CM085463.1_bin_689,100.0
68897at7147,CM085463.1,CM085463.1_bin_638,37.37830440356165
68897at7147,CM085463.1,CM085463.1_bin_639,62.62169559643834
69002at7147,CM085463.1,CM085463.1_bin_1267,100.0
69017at7147,CM085463.1,CM085463.1_bin_1155,100.0
69070at7147,CM085463.1,CM085463.1_bin_580,97.44972169966837
69070at7147,CM085463.1,CM085463.1_bin_581,2.550278300331633
69092at7147,CM085463.1,CM085463.1_bin_145,100.0
69198at7147,CM085463.1,CM085463.1_bin_848,75.52204585537919
69198at7147,CM085463.1,CM085463.1_bin_849,24.47795414462081
69219at7147,CM085463.1,CM085463.1_bin_1199,100.0
69246at7147,CM085463.1,CM085463.1_bin_509,100.0
69310at7147,CM085463.1,CM085463.1_bin_150,100.0
69398at7147,CM085463.1,CM085463.1_bin_523,100.0
69478at7147,CM085463.1,CM085463.1_bin_6,100.0
69557at7147,CM085463.1,CM085463.1_bin_1385,100.0
69674at7147,CM085463.1,CM085463.1_bin_95,100.0
69699at7147,CM085463.1,CM085463.1_bin_1199,100.0
69823at7147,CM085463.1,CM085463.1_bin_44,100.0
69925at7147,CM085463.1,CM085463.1_bin_130,100.0
69929at7147,CM085463.1,CM085463.1_bin_1036,100.0
70036at7147,CM085463.1,CM085463.1_bin_297,0.3504615232736068
70036at7147,CM085463.1,CM085463.1_bin_298,99.64953847672639
70276at7147,CM085463.1,CM085463.1_bin_509,100.0
70366at7147,CM085463.1,CM085463.1_bin_354,88.0130293159609
70366at7147,CM085463.1,CM085463.1_bin_355,11.986970684039088
70383at7147,CM085463.1,CM085463.1_bin_159,100.0
70546at7147,CM085463.1,CM085463.1_bin_1302,100.0
70554at7147,CM085463.1,CM085463.1_bin_299,2.2478241813286584
70554at7147,CM085463.1,CM085463.1_bin_300,97.75217581867133
70680at7147,CM085463.1,CM085463.1_bin_908,100.0
70721at7147,CM085463.1,CM085463.1_bin_869,15.605008338934109
70721at7147,CM085463.1,CM085463.1_bin_870,84.39499166106589
70941at7147,CM085463.1,CM085463.1_bin_1378,100.0
70976at7147,CM085463.1,CM085463.1_bin_1328,100.0
71020at7147,CM085463.1,CM085463.1_bin_989,100.0
71129at7147,CM085463.1,CM085463.1_bin_327,100.0
71146at7147,CM085463.1,CM085463.1_bin_755,100.0
71177at7147,CM085463.1,CM085463.1_bin_844,100.0
71183at7147,CM085463.1,CM085463.1_bin_60,100.0
71239at7147,CM085463.1,CM085463.1_bin_130,100.0
71282at7147,CM085463.1,CM085463.1_bin_430,100.0
71309at7147,CM085463.1,CM085463.1_bin_317,92.23665579018655
71309at7147,CM085463.1,CM085463.1_bin_318,7.763344209813458
71372at7147,CM085463.1,CM085463.1_bin_240,39.285347270138146
71372at7147,CM085463.1,CM085463.1_bin_241,60.714652729861854
71479at7147,CM085463.1,CM085463.1_bin_130,100.0
71485at7147,CM085463.1,CM085463.1_bin_305,100.0
71549at7147,CM085463.1,CM085463.1_bin_418,100.0
71593at7147,CM085463.1,CM085463.1_bin_227,100.0
71612at7147,CM085463.1,CM085463.1_bin_355,100.0
71660at7147,CM085463.1,CM085463.1_bin_994,100.0
71851at7147,CM085463.1,CM085463.1_bin_67,100.0
72074at7147,CM085463.1,CM085463.1_bin_629,100.0
72159at7147,CM085463.1,CM085463.1_bin_848,100.0
72386at7147,CM085463.1,CM085463.1_bin_415,100.0
72427at7147,CM085463.1,CM085463.1_bin_132,43.15428109854604
72427at7147,CM085463.1,CM085463.1_bin_133,56.84571890145396
72445at7147,CM085463.1,CM085463.1_bin_52,30.157352999171827
72445at7147,CM085463.1,CM085463.1_bin_53,69.84264700082818
72683at7147,CM085463.1,CM085463.1_bin_259,100.0
72911at7147,CM085463.1,CM085463.1_bin_250,100.0
72959at7147,CM085463.1,CM085463.1_bin_283,100.0
73073at7147,CM085463.1,CM085463.1_bin_94,25.392188683327927
73073at7147,CM085463.1,CM085463.1_bin_95,74.60781131667208
73142at7147,CM085463.1,CM085463.1_bin_730,100.0
73211at7147,CM085463.1,CM085463.1_bin_1273,83.62804529337757
73211at7147,CM085463.1,CM085463.1_bin_1274,16.37195470662244
73247at7147,CM085463.1,CM085463.1_bin_188,83.55378014499186
73247at7147,CM085463.1,CM085463.1_bin_189,16.446219855008138
73318at7147,CM085463.1,CM085463.1_bin_195,100.0
73368at7147,CM085463.1,CM085463.1_bin_1174,12.060158910329172
73368at7147,CM085463.1,CM085463.1_bin_1175,87.93984108967084
73561at7147,CM085463.1,CM085463.1_bin_45,100.0
73571at7147,CM085463.1,CM085463.1_bin_1361,100.0
73599at7147,CM085463.1,CM085463.1_bin_410,100.0
73648at7147,CM085463.1,CM085463.1_bin_1040,100.0
73667at7147,CM085463.1,CM085463.1_bin_1275,100.0
73758at7147,CM085463.1,CM085463.1_bin_283,100.0
74012at7147,CM085463.1,CM085463.1_bin_529,100.0
74048at7147,CM085463.1,CM085463.1_bin_516,100.0
74082at7147,CM085463.1,CM085463.1_bin_546,100.0
74302at7147,CM085463.1,CM085463.1_bin_525,100.0
74309at7147,CM085463.1,CM085463.1_bin_1176,100.0
74338at7147,CM085463.1,CM085463.1_bin_1328,100.0
74373at7147,CM085463.1,CM085463.1_bin_1133,100.0
74410at7147,CM085463.1,CM085463.1_bin_457,100.0
74474at7147,CM085463.1,CM085463.1_bin_1295,100.0
74588at7147,CM085463.1,CM085463.1_bin_33,100.0
74618at7147,CM085463.1,CM085463.1_bin_1010,100.0
74763at7147,CM085463.1,CM085463.1_bin_440,100.0
74875at7147,CM085463.1,CM085463.1_bin_1355,100.0
74916at7147,CM085463.1,CM085463.1_bin_45,100.0
75113at7147,CM085463.1,CM085463.1_bin_8,100.0
75206at7147,CM085463.1,CM085463.1_bin_41,100.0
75300at7147,CM085463.1,CM085463.1_bin_1290,100.0
75376at7147,CM085463.1,CM085463.1_bin_248,100.0
75400at7147,CM085463.1,CM085463.1_bin_1162,100.0
75531at7147,CM085463.1,CM085463.1_bin_1166,100.0
75538at7147,CM085463.1,CM085463.1_bin_159,100.0
75814at7147,CM085463.1,CM085463.1_bin_341,100.0
75860at7147,CM085463.1,CM085463.1_bin_258,100.0
75895at7147,CM085463.1,CM085463.1_bin_419,100.0
75947at7147,CM085463.1,CM085463.1_bin_1140,100.0
76308at7147,CM085463.1,CM085463.1_bin_1214,100.0
76625at7147,CM085463.1,CM085463.1_bin_1224,100.0
76807at7147,CM085463.1,CM085463.1_bin_1375,100.0
76958at7147,CM085463.1,CM085463.1_bin_5,100.0
76959at7147,CM085463.1,CM085463.1_bin_37,100.0
76978at7147,CM085463.1,CM085463.1_bin_1014,100.0
77031at7147,CM085463.1,CM085463.1_bin_1175,100.0
77188at7147,CM085463.1,CM085463.1_bin_480,100.0
77231at7147,CM085463.1,CM085463.1_bin_1086,100.0
87230at7147,CM085463.1,CM085463.1_bin_874,100.0
89210at7147,CM085463.1,CM085463.1_bin_300,100.0
94660at7147,CM085463.1,CM085463.1_bin_52,100.0
96682at7147,CM085463.1,CM085463.1_bin_51,66.67282741285625
96682at7147,CM085463.1,CM085463.1_bin_52,33.32717258714376
98278at7147,CM085463.1,CM085463.1_bin_1223,100.0
98712at7147,CM085463.1,CM085463.1_bin_1280,100.0
100019at7147,CM085463.1,CM085463.1_bin_259,100.0
105345at7147,CM085463.1,CM085463.1_bin_1218,100.0
107932at7147,CM085463.1,CM085463.1_bin_81,100.0
116302at7147,CM085463.1,CM085463.1_bin_34,100.0
117164at7147,CM085463.1,CM085463.1_bin_298,100.0
118254at7147,CM085463.1,CM085463.1_bin_1350,100.0
119237at7147,CM085463.1,CM085463.1_bin_730,100.0
122994at7147,CM085463.1,CM085463.1_bin_1141,100.0
126448at7147,CM085463.1,CM085463.1_bin_322,100.0
127852at7147,CM085463.1,CM085463.1_bin_962,72.98578199052133
127852at7147,CM085463.1,CM085463.1_bin_963,27.014218009478675
133728at7147,CM085463.1,CM085463.1_bin_52,100.0
134526at7147,CM085463.1,CM085463.1_bin_1277,13.321023476655236
134526at7147,CM085463.1,CM085463.1_bin_1278,86.67897652334476
135865at7147,CM085463.1,CM085463.1_bin_1198,34.932426385035356
135865at7147,CM085463.1,CM085463.1_bin_1199,65.06757361496464
140441at7147,CM085463.1,CM085463.1_bin_1310,100.0
142673at7147,CM085463.1,CM085463.1_bin_374,100.0
145278at7147,CM085463.1,CM085463.1_bin_385,100.0
148910at7147,CM085463.1,CM085463.1_bin_153,100.0
149858at7147,CM085463.1,CM085463.1_bin_1039,100.0
151630at7147,CM085463.1,CM085463.1_bin_89,100.0
155301at7147,CM085463.1,CM085463.1_bin_1140,100.0
161871at7147,CM085463.1,CM085463.1_bin_326,100.0
161996at7147,CM085463.1,CM085463.1_bin_193,100.0
162125at7147,CM085463.1,CM085463.1_bin_178,100.0
162448at7147,CM085463.1,CM085463.1_bin_502,100.0
162661at7147,CM085463.1,CM085463.1_bin_234,100.0
162738at7147,CM085463.1,CM085463.1_bin_355,100.0
162812at7147,CM085463.1,CM085463.1_bin_67,100.0
162863at7147,CM085463.1,CM085463.1_bin_730,82.7526714158504
162863at7147,CM085463.1,CM085463.1_bin_731,17.2473285841496
162892at7147,CM085463.1,CM085463.1_bin_195,100.0
162997at7147,CM085463.1,CM085463.1_bin_1361,95.32069814755327
162997at7147,CM085463.1,CM085463.1_bin_1362,4.679301852446729
163039at7147,CM085463.1,CM085463.1_bin_1286,100.0
163141at7147,CM085463.1,CM085463.1_bin_1230,100.0
163189at7147,CM085463.1,CM085463.1_bin_651,100.0
163233at7147,CM085463.1,CM085463.1_bin_1327,100.0
163264at7147,CM085463.1,CM085463.1_bin_363,100.0
163386at7147,CM085463.1,CM085463.1_bin_1324,100.0
163419at7147,CM085463.1,CM085463.1_bin_658,100.0
163805at7147,CM085463.1,CM085463.1_bin_258,100.0
163816at7147,CM085463.1,CM085463.1_bin_1165,100.0
163838at7147,CM085463.1,CM085463.1_bin_413,100.0
164175at7147,CM085463.1,CM085463.1_bin_157,100.0
164185at7147,CM085463.1,CM085463.1_bin_560,100.0
164400at7147,CM085463.1,CM085463.1_bin_746,100.0
164861at7147,CM085463.1,CM085463.1_bin_1307,100.0
165055at7147,CM085463.1,CM085463.1_bin_1117,100.0
165155at7147,CM085463.1,CM085463.1_bin_1143,100.0
165235at7147,CM085463.1,CM085463.1_bin_1279,100.0
165507at7147,CM085463.1,CM085463.1_bin_1161,100.0
165515at7147,CM085463.1,CM085463.1_bin_302,100.0
165541at7147,CM085463.1,CM085463.1_bin_418,100.0
165544at7147,CM085463.1,CM085463.1_bin_110,100.0
165549at7147,CM085463.1,CM085463.1_bin_1294,89.25797533897934
165549at7147,CM085463.1,CM085463.1_bin_1295,10.742024661020668
165627at7147,CM085463.1,CM085463.1_bin_962,100.0
165697at7147,CM085463.1,CM085463.1_bin_89,100.0
165800at7147,CM085463.1,CM085463.1_bin_346,100.0
165803at7147,CM085463.1,CM085463.1_bin_346,100.0
166453at7147,CM085463.1,CM085463.1_bin_346,10.741529182189108
166453at7147,CM085463.1,CM085463.1_bin_347,89.2584708178109
166470at7147,CM085463.1,CM085463.1_bin_358,100.0
166675at7147,CM085463.1,CM085463.1_bin_1009,100.0
166680at7147,CM085463.1,CM085463.1_bin_359,100.0
166809at7147,CM085463.1,CM085463.1_bin_1187,100.0
166819at7147,CM085463.1,CM085463.1_bin_1175,91.62511000293341
166819at7147,CM085463.1,CM085463.1_bin_1176,8.374889997066589
166932at7147,CM085463.1,CM085463.1_bin_563,100.0
59641at7147,CM085464.1,CM085464.1_bin_19,38.59338970023059
59641at7147,CM085464.1,CM085464.1_bin_20,61.406610299769405
59762at7147,CM085464.1,CM085464.1_bin_703,100.0
59867at7147,CM085464.1,CM085464.1_bin_238,100.0
59927at7147,CM085464.1,CM085464.1_bin_439,100.0
59932at7147,CM085464.1,CM085464.1_bin_88,100.0
59934at7147,CM085464.1,CM085464.1_bin_352,100.0
60030at7147,CM085464.1,CM085464.1_bin_685,100.0
60031at7147,CM085464.1,CM085464.1_bin_519,100.0
60048at7147,CM085464.1,CM085464.1_bin_636,100.0
60162at7147,CM085464.1,CM085464.1_bin_157,27.942892907285554
60162at7147,CM085464.1,CM085464.1_bin_158,72.05710709271445
60284at7147,CM085464.1,CM085464.1_bin_605,100.0
60372at7147,CM085464.1,CM085464.1_bin_352,100.0
60422at7147,CM085464.1,CM085464.1_bin_553,100.0
60701at7147,CM085464.1,CM085464.1_bin_424,100.0
60759at7147,CM085464.1,CM085464.1_bin_850,100.0
60829at7147,CM085464.1,CM085464.1_bin_529,100.0
60911at7147,CM085464.1,CM085464.1_bin_290,100.0
60913at7147,CM085464.1,CM085464.1_bin_129,100.0
60915at7147,CM085464.1,CM085464.1_bin_78,100.0
61002at7147,CM085464.1,CM085464.1_bin_496,100.0
61143at7147,CM085464.1,CM085464.1_bin_463,100.0
61222at7147,CM085464.1,CM085464.1_bin_55,100.0
61232at7147,CM085464.1,CM085464.1_bin_870,100.0
61543at7147,CM085464.1,CM085464.1_bin_675,100.0
61683at7147,CM085464.1,CM085464.1_bin_899,100.0
61817at7147,CM085464.1,CM085464.1_bin_357,100.0
61844at7147,CM085464.1,CM085464.1_bin_550,100.0
61869at7147,CM085464.1,CM085464.1_bin_628,100.0
61966at7147,CM085464.1,CM085464.1_bin_720,100.0
61992at7147,CM085464.1,CM085464.1_bin_107,100.0
61993at7147,CM085464.1,CM085464.1_bin_427,100.0
62204at7147,CM085464.1,CM085464.1_bin_552,100.0
62407at7147,CM085464.1,CM085464.1_bin_739,65.80994099767567
62407at7147,CM085464.1,CM085464.1_bin_740,34.19005900232433
62502at7147,CM085464.1,CM085464.1_bin_738,100.0
62529at7147,CM085464.1,CM085464.1_bin_358,100.0
62639at7147,CM085464.1,CM085464.1_bin_439,100.0
62660at7147,CM085464.1,CM085464.1_bin_206,100.0
62676at7147,CM085464.1,CM085464.1_bin_543,100.0
62727at7147,CM085464.1,CM085464.1_bin_259,100.0
62767at7147,CM085464.1,CM085464.1_bin_242,100.0
62969at7147,CM085464.1,CM085464.1_bin_97,100.0
63074at7147,CM085464.1,CM085464.1_bin_235,100.0
63127at7147,CM085464.1,CM085464.1_bin_620,100.0
63148at7147,CM085464.1,CM085464.1_bin_241,100.0
63203at7147,CM085464.1,CM085464.1_bin_26,100.0
63210at7147,CM085464.1,CM085464.1_bin_807,100.0
63215at7147,CM085464.1,CM085464.1_bin_145,100.0
63229at7147,CM085464.1,CM085464.1_bin_543,100.0
63235at7147,CM085464.1,CM085464.1_bin_464,100.0
63287at7147,CM085464.1,CM085464.1_bin_787,100.0
63321at7147,CM085464.1,CM085464.1_bin_282,100.0
63383at7147,CM085464.1,CM085464.1_bin_738,100.0
63517at7147,CM085464.1,CM085464.1_bin_301,100.0
63569at7147,CM085464.1,CM085464.1_bin_242,100.0
63580at7147,CM085464.1,CM085464.1_bin_556,100.0
63633at7147,CM085464.1,CM085464.1_bin_437,100.0
63650at7147,CM085464.1,CM085464.1_bin_322,100.0
63716at7147,CM085464.1,CM085464.1_bin_763,100.0
63806at7147,CM085464.1,CM085464.1_bin_437,100.0
63892at7147,CM085464.1,CM085464.1_bin_703,100.0
63940at7147,CM085464.1,CM085464.1_bin_254,100.0
64272at7147,CM085464.1,CM085464.1_bin_821,100.0
64323at7147,CM085464.1,CM085464.1_bin_631,100.0
64503at7147,CM085464.1,CM085464.1_bin_193,55.20127540852929
64503at7147,CM085464.1,CM085464.1_bin_194,44.79872459147071
64505at7147,CM085464.1,CM085464.1_bin_721,100.0
64516at7147,CM085464.1,CM085464.1_bin_431,100.0
64833at7147,CM085464.1,CM085464.1_bin_292,100.0
65007at7147,CM085464.1,CM085464.1_bin_918,100.0
65081at7147,CM085464.1,CM085464.1_bin_489,100.0
65131at7147,CM085464.1,CM085464.1_bin_202,100.0
65194at7147,CM085464.1,CM085464.1_bin_693,100.0
65195at7147,CM085464.1,CM085464.1_bin_459,10.726448220493005
65195at7147,CM085464.1,CM085464.1_bin_460,89.273551779507
65291at7147,CM085464.1,CM085464.1_bin_193,100.0
65490at7147,CM085464.1,CM085464.1_bin_317,100.0
65536at7147,CM085464.1,CM085464.1_bin_315,100.0
65559at7147,CM085464.1,CM085464.1_bin_692,100.0
65561at7147,CM085464.1,CM085464.1_bin_903,100.0
65654at7147,CM085464.1,CM085464.1_bin_340,100.0
65656at7147,CM085464.1,CM085464.1_bin_297,100.0
65687at7147,CM085464.1,CM085464.1_bin_330,46.29186051867889
65687at7147,CM085464.1,CM085464.1_bin_331,53.70813948132111
65727at7147,CM085464.1,CM085464.1_bin_232,98.04817275747509
65727at7147,CM085464.1,CM085464.1_bin_233,1.9518272425249168
65784at7147,CM085464.1,CM085464.1_bin_964,100.0
65808at7147,CM085464.1,CM085464.1_bin_200,100.0
65830at7147,CM085464.1,CM085464.1_bin_236,100.0
65892at7147,CM085464.1,CM085464.1_bin_403,100.0
66055at7147,CM085464.1,CM085464.1_bin_19,100.0
66066at7147,CM085464.1,CM085464.1_bin_219,100.0
66196at7147,CM085464.1,CM085464.1_bin_530,100.0
66230at7147,CM085464.1,CM085464.1_bin_783,100.0
66243at7147,CM085464.1,CM085464.1_bin_407,100.0
66373at7147,CM085464.1,CM085464.1_bin_78,100.0
66510at7147,CM085464.1,CM085464.1_bin_167,100.0
66538at7147,CM085464.1,CM085464.1_bin_556,100.0
66610at7147,CM085464.1,CM085464.1_bin_911,100.0
66744at7147,CM085464.1,CM085464.1_bin_19,100.0
66846at7147,CM085464.1,CM085464.1_bin_201,100.0
66848at7147,CM085464.1,CM085464.1_bin_453,100.0
66999at7147,CM085464.1,CM085464.1_bin_319,100.0
67006at7147,CM085464.1,CM085464.1_bin_584,100.0
67442at7147,CM085464.1,CM085464.1_bin_508,100.0
67469at7147,CM085464.1,CM085464.1_bin_310,100.0
67622at7147,CM085464.1,CM085464.1_bin_320,100.0
67706at7147,CM085464.1,CM085464.1_bin_501,100.0
67770at7147,CM085464.1,CM085464.1_bin_257,100.0
67773at7147,CM085464.1,CM085464.1_bin_4,100.0
67940at7147,CM085464.1,CM085464.1_bin_702,89.88816402609507
67940at7147,CM085464.1,CM085464.1_bin_703,10.11183597390494
67941at7147,CM085464.1,CM085464.1_bin_402,100.0
68038at7147,CM085464.1,CM085464.1_bin_885,100.0
68398at7147,CM085464.1,CM085464.1_bin_296,100.0
68459at7147,CM085464.1,CM085464.1_bin_320,100.0
68623at7147,CM085464.1,CM085464.1_bin_382,100.0
68758at7147,CM085464.1,CM085464.1_bin_774,100.0
68850at7147,CM085464.1,CM085464.1_bin_399,100.0
68959at7147,CM085464.1,CM085464.1_bin_480,100.0
68995at7147,CM085464.1,CM085464.1_bin_820,100.0
69011at7147,CM085464.1,CM085464.1_bin_464,100.0
69110at7147,CM085464.1,CM085464.1_bin_424,100.0
69149at7147,CM085464.1,CM085464.1_bin_432,79.0227583282288
69149at7147,CM085464.1,CM085464.1_bin_433,20.97724167177119
69164at7147,CM085464.1,CM085464.1_bin_749,100.0
69182at7147,CM085464.1,CM085464.1_bin_684,100.0
69243at7147,CM085464.1,CM085464.1_bin_389,50.91771781153591
69243at7147,CM085464.1,CM085464.1_bin_390,49.08228218846409
69362at7147,CM085464.1,CM085464.1_bin_361,100.0
69376at7147,CM085464.1,CM085464.1_bin_39,2.2222222222222223
69376at7147,CM085464.1,CM085464.1_bin_40,97.77777777777777
69384at7147,CM085464.1,CM085464.1_bin_540,100.0
69590at7147,CM085464.1,CM085464.1_bin_463,100.0
69602at7147,CM085464.1,CM085464.1_bin_956,100.0
69661at7147,CM085464.1,CM085464.1_bin_452,100.0
69706at7147,CM085464.1,CM085464.1_bin_549,100.0
69712at7147,CM085464.1,CM085464.1_bin_787,100.0
69744at7147,CM085464.1,CM085464.1_bin_350,100.0
69759at7147,CM085464.1,CM085464.1_bin_719,100.0
69924at7147,CM085464.1,CM085464.1_bin_427,100.0
70110at7147,CM085464.1,CM085464.1_bin_291,100.0
70165at7147,CM085464.1,CM085464.1_bin_866,100.0
70240at7147,CM085464.1,CM085464.1_bin_584,100.0
70430at7147,CM085464.1,CM085464.1_bin_545,100.0
70479at7147,CM085464.1,CM085464.1_bin_749,100.0
70490at7147,CM085464.1,CM085464.1_bin_107,100.0
70507at7147,CM085464.1,CM085464.1_bin_489,100.0
70553at7147,CM085464.1,CM085464.1_bin_300,100.0
70587at7147,CM085464.1,CM085464.1_bin_455,100.0
70594at7147,CM085464.1,CM085464.1_bin_423,100.0
70607at7147,CM085464.1,CM085464.1_bin_597,100.0
70840at7147,CM085464.1,CM085464.1_bin_929,100.0
70891at7147,CM085464.1,CM085464.1_bin_837,100.0
71060at7147,CM085464.1,CM085464.1_bin_939,100.0
71162at7147,CM085464.1,CM085464.1_bin_17,100.0
71179at7147,CM085464.1,CM085464.1_bin_472,100.0
71211at7147,CM085464.1,CM085464.1_bin_296,100.0
71292at7147,CM085464.1,CM085464.1_bin_826,100.0
71324at7147,CM085464.1,CM085464.1_bin_786,100.0
71362at7147,CM085464.1,CM085464.1_bin_424,100.0
71476at7147,CM085464.1,CM085464.1_bin_539,100.0
71545at7147,CM085464.1,CM085464.1_bin_936,100.0
71555at7147,CM085464.1,CM085464.1_bin_141,100.0
71571at7147,CM085464.1,CM085464.1_bin_290,100.0
71839at7147,CM085464.1,CM085464.1_bin_311,100.0
71846at7147,CM085464.1,CM085464.1_bin_40,100.0
72078at7147,CM085464.1,CM085464.1_bin_62,3.035703677300541
72078at7147,CM085464.1,CM085464.1_bin_63,96.96429632269947
72170at7147,CM085464.1,CM085464.1_bin_304,100.0
72481at7147,CM085464.1,CM085464.1_bin_884,100.0
72776at7147,CM085464.1,CM085464.1_bin_883,100.0
72938at7147,CM085464.1,CM085464.1_bin_403,100.0
72972at7147,CM085464.1,CM085464.1_bin_599,100.0
73091at7147,CM085464.1,CM085464.1_bin_152,100.0
73113at7147,CM085464.1,CM085464.1_bin_827,100.0
73186at7147,CM085464.1,CM085464.1_bin_457,100.0
73281at7147,CM085464.1,CM085464.1_bin_436,100.0
73379at7147,CM085464.1,CM085464.1_bin_219,100.0
73422at7147,CM085464.1,CM085464.1_bin_510,100.0
73512at7147,CM085464.1,CM085464.1_bin_518,100.0
73625at7147,CM085464.1,CM085464.1_bin_432,100.0
73870at7147,CM085464.1,CM085464.1_bin_168,100.0
74114at7147,CM085464.1,CM085464.1_bin_958,100.0
74200at7147,CM085464.1,CM085464.1_bin_774,100.0
74268at7147,CM085464.1,CM085464.1_bin_246,100.0
74323at7147,CM085464.1,CM085464.1_bin_285,100.0
74388at7147,CM085464.1,CM085464.1_bin_884,100.0
74390at7147,CM085464.1,CM085464.1_bin_671,100.0
74611at7147,CM085464.1,CM085464.1_bin_594,100.0
74620at7147,CM085464.1,CM085464.1_bin_463,100.0
74687at7147,CM085464.1,CM085464.1_bin_266,100.0
74714at7147,CM085464.1,CM085464.1_bin_63,100.0
74909at7147,CM085464.1,CM085464.1_bin_320,100.0
75038at7147,CM085464.1,CM085464.1_bin_216,100.0
75173at7147,CM085464.1,CM085464.1_bin_430,100.0
75178at7147,CM085464.1,CM085464.1_bin_279,100.0
75205at7147,CM085464.1,CM085464.1_bin_393,100.0
75250at7147,CM085464.1,CM085464.1_bin_458,100.0
75367at7147,CM085464.1,CM085464.1_bin_552,100.0
75386at7147,CM085464.1,CM085464.1_bin_503,2.188121625461779
75386at7147,CM085464.1,CM085464.1_bin_504,97.81187837453822
75433at7147,CM085464.1,CM085464.1_bin_549,100.0
75497at7147,CM085464.1,CM085464.1_bin_356,86.25394118463583
75497at7147,CM085464.1,CM085464.1_bin_357,13.746058815364176
75513at7147,CM085464.1,CM085464.1_bin_297,100.0
75763at7147,CM085464.1,CM085464.1_bin_254,100.0
75863at7147,CM085464.1,CM085464.1_bin_0,100.0
75872at7147,CM085464.1,CM085464.1_bin_642,100.0
75907at7147,CM085464.1,CM085464.1_bin_820,100.0
76205at7147,CM085464.1,CM085464.1_bin_193,100.0
76321at7147,CM085464.1,CM085464.1_bin_219,100.0
76358at7147,CM085464.1,CM085464.1_bin_352,100.0
76630at7147,CM085464.1,CM085464.1_bin_646,100.0
76648at7147,CM085464.1,CM085464.1_bin_83,100.0
76919at7147,CM085464.1,CM085464.1_bin_535,100.0
76920at7147,CM085464.1,CM085464.1_bin_675,100.0
87043at7147,CM085464.1,CM085464.1_bin_383,100.0
91715at7147,CM085464.1,CM085464.1_bin_521,100.0
105665at7147,CM085464.1,CM085464.1_bin_432,100.0
108194at7147,CM085464.1,CM085464.1_bin_703,100.0
117470at7147,CM085464.1,CM085464.1_bin_304,100.0
118121at7147,CM085464.1,CM085464.1_bin_882,100.0
122970at7147,CM085464.1,CM085464.1_bin_543,100.0
124132at7147,CM085464.1,CM085464.1_bin_492,100.0
125314at7147,CM085464.1,CM085464.1_bin_300,1.0829436377061286
125314at7147,CM085464.1,CM085464.1_bin_301,98.91705636229388
133939at7147,CM085464.1,CM085464.1_bin_506,100.0
141840at7147,CM085464.1,CM085464.1_bin_260,100.0
142617at7147,CM085464.1,CM085464.1_bin_223,100.0
149542at7147,CM085464.1,CM085464.1_bin_785,100.0
149853at7147,CM085464.1,CM085464.1_bin_914,87.67282924046177
149853at7147,CM085464.1,CM085464.1_bin_915,12.327170759538232
157896at7147,CM085464.1,CM085464.1_bin_284,100.0
161620at7147,CM085464.1,CM085464.1_bin_507,100.0
161986at7147,CM085464.1,CM085464.1_bin_540,100.0
162279at7147,CM085464.1,CM085464.1_bin_283,100.0
162523at7147,CM085464.1,CM085464.1_bin_567,100.0
163083at7147,CM085464.1,CM085464.1_bin_840,100.0
163258at7147,CM085464.1,CM085464.1_bin_320,100.0
163316at7147,CM085464.1,CM085464.1_bin_780,100.0
163391at7147,CM085464.1,CM085464.1_bin_587,100.0
163483at7147,CM085464.1,CM085464.1_bin_554,100.0
163534at7147,CM085464.1,CM085464.1_bin_254,100.0
163725at7147,CM085464.1,CM085464.1_bin_436,100.0
163957at7147,CM085464.1,CM085464.1_bin_193,100.0
164312at7147,CM085464.1,CM085464.1_bin_357,100.0
164767at7147,CM085464.1,CM085464.1_bin_676,100.0
164916at7147,CM085464.1,CM085464.1_bin_448,100.0
164972at7147,CM085464.1,CM085464.1_bin_153,100.0
165117at7147,CM085464.1,CM085464.1_bin_55,100.0
165269at7147,CM085464.1,CM085464.1_bin_439,100.0
165554at7147,CM085464.1,CM085464.1_bin_219,100.0
165654at7147,CM085464.1,CM085464.1_bin_549,100.0
165814at7147,CM085464.1,CM085464.1_bin_275,100.0
165944at7147,CM085464.1,CM085464.1_bin_539,100.0
166120at7147,CM085464.1,CM085464.1_bin_64,100.0
166186at7147,CM085464.1,CM085464.1_bin_597,100.0
166242at7147,CM085464.1,CM085464.1_bin_4,3.7720188139813704
166242at7147,CM085464.1,CM085464.1_bin_5,96.22798118601862
166329at7147,CM085464.1,CM085464.1_bin_431,100.0
166427at7147,CM085464.1,CM085464.1_bin_246,100.0
166517at7147,CM085464.1,CM085464.1_bin_967,100.0
166641at7147,CM085464.1,CM085464.1_bin_905,100.0
166700at7147,CM085464.1,CM085464.1_bin_571,100.0
166881at7147,CM085464.1,CM085464.1_bin_235,23.983177785459155
166881at7147,CM085464.1,CM085464.1_bin_236,76.01682221454085
166882at7147,CM085464.1,CM085464.1_bin_428,100.0
166924at7147,CM085464.1,CM085464.1_bin_360,100.0
59805at7147,CM085465.1,CM085465.1_bin_364,100.0
60242at7147,CM085465.1,CM085465.1_bin_138,100.0
60375at7147,CM085465.1,CM085465.1_bin_296,100.0
60412at7147,CM085465.1,CM085465.1_bin_365,43.65418049628576
60412at7147,CM085465.1,CM085465.1_bin_366,56.345819503714246
60554at7147,CM085465.1,CM085465.1_bin_57,100.0
60771at7147,CM085465.1,CM085465.1_bin_292,100.0
60819at7147,CM085465.1,CM085465.1_bin_11,100.0
61375at7147,CM085465.1,CM085465.1_bin_145,100.0
61498at7147,CM085465.1,CM085465.1_bin_105,100.0
61663at7147,CM085465.1,CM085465.1_bin_61,100.0
61922at7147,CM085465.1,CM085465.1_bin_9,100.0
61968at7147,CM085465.1,CM085465.1_bin_31,100.0
62191at7147,CM085465.1,CM085465.1_bin_440,100.0
62295at7147,CM085465.1,CM085465.1_bin_293,100.0
62349at7147,CM085465.1,CM085465.1_bin_665,100.0
62350at7147,CM085465.1,CM085465.1_bin_185,100.0
62682at7147,CM085465.1,CM085465.1_bin_231,100.0
62792at7147,CM085465.1,CM085465.1_bin_411,42.58084140086636
62792at7147,CM085465.1,CM085465.1_bin_412,57.41915859913364
62818at7147,CM085465.1,CM085465.1_bin_91,100.0
63007at7147,CM085465.1,CM085465.1_bin_98,100.0
63303at7147,CM085465.1,CM085465.1_bin_670,100.0
63515at7147,CM085465.1,CM085465.1_bin_136,52.31621349446123
63515at7147,CM085465.1,CM085465.1_bin_137,47.68378650553877
63541at7147,CM085465.1,CM085465.1_bin_579,100.0
63583at7147,CM085465.1,CM085465.1_bin_257,100.0
63658at7147,CM085465.1,CM085465.1_bin_779,100.0
63826at7147,CM085465.1,CM085465.1_bin_284,100.0
63890at7147,CM085465.1,CM085465.1_bin_443,100.0
64192at7147,CM085465.1,CM085465.1_bin_227,16.348852966798955
64192at7147,CM085465.1,CM085465.1_bin_228,83.65114703320104
64216at7147,CM085465.1,CM085465.1_bin_125,100.0
64472at7147,CM085465.1,CM085465.1_bin_94,100.0
64968at7147,CM085465.1,CM085465.1_bin_350,100.0
65012at7147,CM085465.1,CM085465.1_bin_392,100.0
65343at7147,CM085465.1,CM085465.1_bin_426,100.0
65476at7147,CM085465.1,CM085465.1_bin_440,100.0
65571at7147,CM085465.1,CM085465.1_bin_591,100.0
65657at7147,CM085465.1,CM085465.1_bin_569,100.0
65866at7147,CM085465.1,CM085465.1_bin_557,100.0
65934at7147,CM085465.1,CM085465.1_bin_775,100.0
65956at7147,CM085465.1,CM085465.1_bin_78,100.0
66070at7147,CM085465.1,CM085465.1_bin_205,100.0
66139at7147,CM085465.1,CM085465.1_bin_11,100.0
66177at7147,CM085465.1,CM085465.1_bin_178,100.0
66247at7147,CM085465.1,CM085465.1_bin_312,100.0
66352at7147,CM085465.1,CM085465.1_bin_127,100.0
66525at7147,CM085465.1,CM085465.1_bin_570,100.0
66557at7147,CM085465.1,CM085465.1_bin_299,100.0
66590at7147,CM085465.1,CM085465.1_bin_416,100.0
66632at7147,CM085465.1,CM085465.1_bin_127,100.0
66704at7147,CM085465.1,CM085465.1_bin_12,100.0
66761at7147,CM085465.1,CM085465.1_bin_636,100.0
66795at7147,CM085465.1,CM085465.1_bin_99,100.0
66998at7147,CM085465.1,CM085465.1_bin_512,93.02850911356909
66998at7147,CM085465.1,CM085465.1_bin_513,6.971490886430908
67224at7147,CM085465.1,CM085465.1_bin_204,97.86839889329964
67224at7147,CM085465.1,CM085465.1_bin_205,2.131601106700349
67239at7147,CM085465.1,CM085465.1_bin_378,100.0
67423at7147,CM085465.1,CM085465.1_bin_86,100.0
67523at7147,CM085465.1,CM085465.1_bin_18,100.0
67639at7147,CM085465.1,CM085465.1_bin_230,100.0
67705at7147,CM085465.1,CM085465.1_bin_10,100.0
67875at7147,CM085465.1,CM085465.1_bin_86,100.0
67909at7147,CM085465.1,CM085465.1_bin_36,100.0
68020at7147,CM085465.1,CM085465.1_bin_161,19.543258673693455
68020at7147,CM085465.1,CM085465.1_bin_162,80.45674132630654
68266at7147,CM085465.1,CM085465.1_bin_207,100.0
68267at7147,CM085465.1,CM085465.1_bin_351,100.0
68422at7147,CM085465.1,CM085465.1_bin_29,88.60161393077087
68422at7147,CM085465.1,CM085465.1_bin_30,11.398386069229135
68624at7147,CM085465.1,CM085465.1_bin_320,100.0
68784at7147,CM085465.1,CM085465.1_bin_527,100.0
69007at7147,CM085465.1,CM085465.1_bin_50,100.0
69075at7147,CM085465.1,CM085465.1_bin_669,100.0
69184at7147,CM085465.1,CM085465.1_bin_295,100.0
69357at7147,CM085465.1,CM085465.1_bin_126,100.0
69554at7147,CM085465.1,CM085465.1_bin_294,100.0
69560at7147,CM085465.1,CM085465.1_bin_308,100.0
69582at7147,CM085465.1,CM085465.1_bin_0,100.0
70729at7147,CM085465.1,CM085465.1_bin_87,100.0
70861at7147,CM085465.1,CM085465.1_bin_312,47.73377703826955
70861at7147,CM085465.1,CM085465.1_bin_313,52.26622296173045
70996at7147,CM085465.1,CM085465.1_bin_31,26.36521323045637
70996at7147,CM085465.1,CM085465.1_bin_32,73.63478676954364
71034at7147,CM085465.1,CM085465.1_bin_365,100.0
71081at7147,CM085465.1,CM085465.1_bin_699,100.0
71326at7147,CM085465.1,CM085465.1_bin_20,100.0
71402at7147,CM085465.1,CM085465.1_bin_803,100.0
71583at7147,CM085465.1,CM085465.1_bin_129,100.0
71780at7147,CM085465.1,CM085465.1_bin_20,100.0
72083at7147,CM085465.1,CM085465.1_bin_110,100.0
72244at7147,CM085465.1,CM085465.1_bin_46,100.0
72460at7147,CM085465.1,CM085465.1_bin_128,100.0
72688at7147,CM085465.1,CM085465.1_bin_571,100.0
72909at7147,CM085465.1,CM085465.1_bin_280,12.936485686695947
72909at7147,CM085465.1,CM085465.1_bin_281,77.87434196181042
72909at7147,CM085465.1,CM085465.1_bin_282,9.18917235149363
72936at7147,CM085465.1,CM085465.1_bin_14,100.0
73047at7147,CM085465.1,CM085465.1_bin_414,100.0
73077at7147,CM085465.1,CM085465.1_bin_580,100.0
73088at7147,CM085465.1,CM085465.1_bin_255,35.78319256864674
73088at7147,CM085465.1,CM085465.1_bin_256,64.21680743135326
73094at7147,CM085465.1,CM085465.1_bin_442,100.0
73346at7147,CM085465.1,CM085465.1_bin_4,100.0
73360at7147,CM085465.1,CM085465.1_bin_280,100.0
73429at7147,CM085465.1,CM085465.1_bin_30,100.0
73491at7147,CM085465.1,CM085465.1_bin_760,100.0
73517at7147,CM085465.1,CM085465.1_bin_183,65.374018817903
73517at7147,CM085465.1,CM085465.1_bin_184,34.625981182097
73692at7147,CM085465.1,CM085465.1_bin_629,100.0
73709at7147,CM085465.1,CM085465.1_bin_576,97.88494239477255
73709at7147,CM085465.1,CM085465.1_bin_577,2.1150576052274594
73893at7147,CM085465.1,CM085465.1_bin_182,100.0
74406at7147,CM085465.1,CM085465.1_bin_616,100.0
74464at7147,CM085465.1,CM085465.1_bin_692,100.0
74769at7147,CM085465.1,CM085465.1_bin_147,100.0
74907at7147,CM085465.1,CM085465.1_bin_198,7.380175362717729
74907at7147,CM085465.1,CM085465.1_bin_199,92.61982463728226
75011at7147,CM085465.1,CM085465.1_bin_44,100.0
75060at7147,CM085465.1,CM085465.1_bin_692,100.0
75263at7147,CM085465.1,CM085465.1_bin_814,100.0
75282at7147,CM085465.1,CM085465.1_bin_181,100.0
76014at7147,CM085465.1,CM085465.1_bin_799,44.33924776697016
76014at7147,CM085465.1,CM085465.1_bin_800,55.66075223302984
76547at7147,CM085465.1,CM085465.1_bin_290,100.0
76767at7147,CM085465.1,CM085465.1_bin_473,100.0
76952at7147,CM085465.1,CM085465.1_bin_94,100.0
77185at7147,CM085465.1,CM085465.1_bin_683,100.0
90783at7147,CM085465.1,CM085465.1_bin_364,100.0
93012at7147,CM085465.1,CM085465.1_bin_21,100.0
96920at7147,CM085465.1,CM085465.1_bin_175,100.0
98857at7147,CM085465.1,CM085465.1_bin_123,100.0
101651at7147,CM085465.1,CM085465.1_bin_294,100.0
111861at7147,CM085465.1,CM085465.1_bin_570,100.0
112161at7147,CM085465.1,CM085465.1_bin_359,100.0
139373at7147,CM085465.1,CM085465.1_bin_9,100.0
143663at7147,CM085465.1,CM085465.1_bin_806,33.45835028478438
143663at7147,CM085465.1,CM085465.1_bin_807,66.54164971521563
143890at7147,CM085465.1,CM085465.1_bin_65,25.013646861221915
143890at7147,CM085465.1,CM085465.1_bin_66,74.98635313877809
148238at7147,CM085465.1,CM085465.1_bin_393,100.0
151105at7147,CM085465.1,CM085465.1_bin_57,100.0
161838at7147,CM085465.1,CM085465.1_bin_333,100.0
162166at7147,CM085465.1,CM085465.1_bin_36,100.0
162217at7147,CM085465.1,CM085465.1_bin_111,100.0
162402at7147,CM085465.1,CM085465.1_bin_323,100.0
162519at7147,CM085465.1,CM085465.1_bin_231,100.0
162532at7147,CM085465.1,CM085465.1_bin_736,100.0
162607at7147,CM085465.1,CM085465.1_bin_31,100.0
163466at7147,CM085465.1,CM085465.1_bin_535,100.0
163566at7147,CM085465.1,CM085465.1_bin_329,100.0
163635at7147,CM085465.1,CM085465.1_bin_23,100.0
164211at7147,CM085465.1,CM085465.1_bin_771,100.0
164323at7147,CM085465.1,CM085465.1_bin_174,100.0
164356at7147,CM085465.1,CM085465.1_bin_292,100.0
164649at7147,CM085465.1,CM085465.1_bin_7,56.940283602955866
164649at7147,CM085465.1,CM085465.1_bin_8,43.05971639704414
164695at7147,CM085465.1,CM085465.1_bin_670,100.0
164941at7147,CM085465.1,CM085465.1_bin_759,100.0
165004at7147,CM085465.1,CM085465.1_bin_799,100.0
165376at7147,CM085465.1,CM085465.1_bin_44,100.0
165426at7147,CM085465.1,CM085465.1_bin_81,100.0
165770at7147,CM085465.1,CM085465.1_bin_299,100.0
165864at7147,CM085465.1,CM085465.1_bin_334,100.0
166165at7147,CM085465.1,CM085465.1_bin_613,100.0
166570at7147,CM085465.1,CM085465.1_bin_127,100.0
166880at7147,CM085465.1,CM085465.1_bin_140,100.0
166887at7147,CM085465.1,CM085465.1_bin_223,100.0
60133at7147,CM085466.1,CM085466.1_bin_58,65.77616143939187
60133at7147,CM085466.1,CM085466.1_bin_59,34.22383856060813
60410at7147,CM085466.1,CM085466.1_bin_329,100.0
60545at7147,CM085466.1,CM085466.1_bin_70,100.0
60611at7147,CM085466.1,CM085466.1_bin_325,56.509996432878665
60611at7147,CM085466.1,CM085466.1_bin_326,43.490003567121335
60935at7147,CM085466.1,CM085466.1_bin_69,100.0
60994at7147,CM085466.1,CM085466.1_bin_86,100.0
62130at7147,CM085466.1,CM085466.1_bin_77,100.0
62282at7147,CM085466.1,CM085466.1_bin_137,95.60355781448538
62282at7147,CM085466.1,CM085466.1_bin_138,4.396442185514612
63921at7147,CM085466.1,CM085466.1_bin_186,100.0
63923at7147,CM085466.1,CM085466.1_bin_78,100.0
63942at7147,CM085466.1,CM085466.1_bin_10,100.0
65503at7147,CM085466.1,CM085466.1_bin_66,100.0
66225at7147,CM085466.1,CM085466.1_bin_132,100.0
66302at7147,CM085466.1,CM085466.1_bin_322,100.0
66893at7147,CM085466.1,CM085466.1_bin_152,100.0
66929at7147,CM085466.1,CM085466.1_bin_37,100.0
67026at7147,CM085466.1,CM085466.1_bin_137,100.0
68008at7147,CM085466.1,CM085466.1_bin_185,100.0
68762at7147,CM085466.1,CM085466.1_bin_20,100.0
68803at7147,CM085466.1,CM085466.1_bin_109,100.0
69079at7147,CM085466.1,CM085466.1_bin_21,100.0
69668at7147,CM085466.1,CM085466.1_bin_16,100.0
70258at7147,CM085466.1,CM085466.1_bin_328,100.0
70523at7147,CM085466.1,CM085466.1_bin_367,25.313336904124263
70523at7147,CM085466.1,CM085466.1_bin_368,74.68666309587574
70744at7147,CM085466.1,CM085466.1_bin_316,100.0
70882at7147,CM085466.1,CM085466.1_bin_172,50.011591825088274
70882at7147,CM085466.1,CM085466.1_bin_173,49.988408174911726
71109at7147,CM085466.1,CM085466.1_bin_59,100.0
71118at7147,CM085466.1,CM085466.1_bin_34,100.0
72039at7147,CM085466.1,CM085466.1_bin_294,7.365557922333278
72039at7147,CM085466.1,CM085466.1_bin_295,65.54153694904146
72039at7147,CM085466.1,CM085466.1_bin_296,27.092905128625265
72344at7147,CM085466.1,CM085466.1_bin_151,100.0
73241at7147,CM085466.1,CM085466.1_bin_49,100.0
73847at7147,CM085466.1,CM085466.1_bin_120,100.0
73869at7147,CM085466.1,CM085466.1_bin_201,100.0
74100at7147,CM085466.1,CM085466.1_bin_82,100.0
75970at7147,CM085466.1,CM085466.1_bin_23,100.0
76904at7147,CM085466.1,CM085466.1_bin_356,100.0
77182at7147,CM085466.1,CM085466.1_bin_69,100.0
102356at7147,CM085466.1,CM085466.1_bin_186,100.0
119241at7147,CM085466.1,CM085466.1_bin_76,100.0
122812at7147,CM085466.1,CM085466.1_bin_257,55.156713257094445
122812at7147,CM085466.1,CM085466.1_bin_258,44.84328674290555
126571at7147,CM085466.1,CM085466.1_bin_9,100.0
161437at7147,CM085466.1,CM085466.1_bin_296,100.0
163225at7147,CM085466.1,CM085466.1_bin_185,100.0
165032at7147,CM085466.1,CM085466.1_bin_442,98.2729947550211
165032at7147,CM085466.1,CM085466.1_bin_443,1.7270052449788922
165107at7147,CM085466.1,CM085466.1_bin_67,100.0
165152at7147,CM085466.1,CM085466.1_bin_352,100.0
165293at7147,CM085466.1,CM085466.1_bin_33,100.0
165956at7147,CM085466.1,CM085466.1_bin_70,100.0
166159at7147,CM085466.1,CM085466.1_bin_150,100.0
166235at7147,CM085466.1,CM085466.1_bin_22,70.2246503228966
166235at7147,CM085466.1,CM085466.1_bin_23,29.775349677103417
166740at7147,CM085466.1,CM085466.1_bin_447,100.0
59971at7147,CM085467.1,CM085467.1_bin_197,100.0
60158at7147,CM085467.1,CM085467.1_bin_250,100.0
60416at7147,CM085467.1,CM085467.1_bin_266,100.0
60603at7147,CM085467.1,CM085467.1_bin_133,80.83029197080292
60603at7147,CM085467.1,CM085467.1_bin_134,19.16970802919708
60650at7147,CM085467.1,CM085467.1_bin_267,15.614056273396933
60650at7147,CM085467.1,CM085467.1_bin_268,84.38594372660306
60815at7147,CM085467.1,CM085467.1_bin_331,100.0
61054at7147,CM085467.1,CM085467.1_bin_86,100.0
61331at7147,CM085467.1,CM085467.1_bin_246,100.0
61379at7147,CM085467.1,CM085467.1_bin_152,100.0
61444at7147,CM085467.1,CM085467.1_bin_266,100.0
61562at7147,CM085467.1,CM085467.1_bin_319,100.0
61788at7147,CM085467.1,CM085467.1_bin_355,100.0
61808at7147,CM085467.1,CM085467.1_bin_99,100.0
62055at7147,CM085467.1,CM085467.1_bin_311,100.0
62100at7147,CM085467.1,CM085467.1_bin_147,100.0
62423at7147,CM085467.1,CM085467.1_bin_97,100.0
62838at7147,CM085467.1,CM085467.1_bin_97,100.0
63539at7147,CM085467.1,CM085467.1_bin_232,100.0
63677at7147,CM085467.1,CM085467.1_bin_266,100.0
63704at7147,CM085467.1,CM085467.1_bin_327,100.0
63723at7147,CM085467.1,CM085467.1_bin_153,100.0
63748at7147,CM085467.1,CM085467.1_bin_333,3.225806451612903
63748at7147,CM085467.1,CM085467.1_bin_334,96.7741935483871
63836at7147,CM085467.1,CM085467.1_bin_337,100.0
64043at7147,CM085467.1,CM085467.1_bin_248,100.0
64379at7147,CM085467.1,CM085467.1_bin_157,100.0
65008at7147,CM085467.1,CM085467.1_bin_249,100.0
65184at7147,CM085467.1,CM085467.1_bin_337,100.0
65478at7147,CM085467.1,CM085467.1_bin_113,100.0
65550at7147,CM085467.1,CM085467.1_bin_130,100.0
65990at7147,CM085467.1,CM085467.1_bin_272,100.0
66044at7147,CM085467.1,CM085467.1_bin_333,100.0
66707at7147,CM085467.1,CM085467.1_bin_321,100.0
66722at7147,CM085467.1,CM085467.1_bin_294,100.0
66787at7147,CM085467.1,CM085467.1_bin_304,100.0
66810at7147,CM085467.1,CM085467.1_bin_98,100.0
66992at7147,CM085467.1,CM085467.1_bin_360,100.0
67133at7147,CM085467.1,CM085467.1_bin_369,100.0
67359at7147,CM085467.1,CM085467.1_bin_95,100.0
67366at7147,CM085467.1,CM085467.1_bin_232,100.0
67498at7147,CM085467.1,CM085467.1_bin_71,100.0
67559at7147,CM085467.1,CM085467.1_bin_229,100.0
67641at7147,CM085467.1,CM085467.1_bin_154,100.0
67785at7147,CM085467.1,CM085467.1_bin_10,100.0
68061at7147,CM085467.1,CM085467.1_bin_289,100.0
68238at7147,CM085467.1,CM085467.1_bin_36,74.26614481409001
68238at7147,CM085467.1,CM085467.1_bin_37,25.73385518590998
68270at7147,CM085467.1,CM085467.1_bin_335,100.0
68421at7147,CM085467.1,CM085467.1_bin_320,100.0
68596at7147,CM085467.1,CM085467.1_bin_371,100.0
68717at7147,CM085467.1,CM085467.1_bin_340,100.0
68886at7147,CM085467.1,CM085467.1_bin_345,100.0
69132at7147,CM085467.1,CM085467.1_bin_206,100.0
69191at7147,CM085467.1,CM085467.1_bin_310,100.0
69326at7147,CM085467.1,CM085467.1_bin_184,100.0
69404at7147,CM085467.1,CM085467.1_bin_131,100.0
69502at7147,CM085467.1,CM085467.1_bin_249,100.0
69547at7147,CM085467.1,CM085467.1_bin_127,100.0
69608at7147,CM085467.1,CM085467.1_bin_300,100.0
69769at7147,CM085467.1,CM085467.1_bin_370,100.0
69950at7147,CM085467.1,CM085467.1_bin_208,100.0
69951at7147,CM085467.1,CM085467.1_bin_205,100.0
70013at7147,CM085467.1,CM085467.1_bin_186,100.0
70107at7147,CM085467.1,CM085467.1_bin_362,100.0
70188at7147,CM085467.1,CM085467.1_bin_250,100.0
70347at7147,CM085467.1,CM085467.1_bin_220,100.0
70737at7147,CM085467.1,CM085467.1_bin_129,100.0
70841at7147,CM085467.1,CM085467.1_bin_232,100.0
71503at7147,CM085467.1,CM085467.1_bin_188,100.0
71572at7147,CM085467.1,CM085467.1_bin_139,100.0
71992at7147,CM085467.1,CM085467.1_bin_165,100.0
72059at7147,CM085467.1,CM085467.1_bin_90,100.0
72228at7147,CM085467.1,CM085467.1_bin_292,100.0
72235at7147,CM085467.1,CM085467.1_bin_245,100.0
72241at7147,CM085467.1,CM085467.1_bin_201,100.0
72423at7147,CM085467.1,CM085467.1_bin_265,100.0
72437at7147,CM085467.1,CM085467.1_bin_255,100.0
72465at7147,CM085467.1,CM085467.1_bin_10,100.0
72527at7147,CM085467.1,CM085467.1_bin_64,44.81239895188716
72527at7147,CM085467.1,CM085467.1_bin_65,55.187601048112846
72723at7147,CM085467.1,CM085467.1_bin_319,68.33488516449411
72723at7147,CM085467.1,CM085467.1_bin_320,31.665114835505896
73409at7147,CM085467.1,CM085467.1_bin_360,7.772250742734858
73409at7147,CM085467.1,CM085467.1_bin_361,92.22774925726515
73713at7147,CM085467.1,CM085467.1_bin_370,100.0
74259at7147,CM085467.1,CM085467.1_bin_94,100.0
75137at7147,CM085467.1,CM085467.1_bin_97,100.0
75810at7147,CM085467.1,CM085467.1_bin_129,98.84797366796955
75810at7147,CM085467.1,CM085467.1_bin_130,1.1520263320304465
75919at7147,CM085467.1,CM085467.1_bin_98,100.0
77043at7147,CM085467.1,CM085467.1_bin_310,100.0
100497at7147,CM085467.1,CM085467.1_bin_11,100.0
107173at7147,CM085467.1,CM085467.1_bin_311,81.05377562110613
107173at7147,CM085467.1,CM085467.1_bin_312,18.946224378893874
113611at7147,CM085467.1,CM085467.1_bin_184,100.0
114519at7147,CM085467.1,CM085467.1_bin_185,100.0
126196at7147,CM085467.1,CM085467.1_bin_98,100.0
146390at7147,CM085467.1,CM085467.1_bin_93,100.0
152457at7147,CM085467.1,CM085467.1_bin_93,100.0
154325at7147,CM085467.1,CM085467.1_bin_110,62.35661489309856
154325at7147,CM085467.1,CM085467.1_bin_111,37.64338510690144
154893at7147,CM085467.1,CM085467.1_bin_231,100.0
157102at7147,CM085467.1,CM085467.1_bin_168,100.0
163134at7147,CM085467.1,CM085467.1_bin_300,100.0
163251at7147,CM085467.1,CM085467.1_bin_312,66.07008289374528
163251at7147,CM085467.1,CM085467.1_bin_313,33.929917106254706
163275at7147,CM085467.1,CM085467.1_bin_294,100.0
163408at7147,CM085467.1,CM085467.1_bin_264,100.0
163621at7147,CM085467.1,CM085467.1_bin_166,100.0
164134at7147,CM085467.1,CM085467.1_bin_333,100.0
164929at7147,CM085467.1,CM085467.1_bin_265,100.0
165168at7147,CM085467.1,CM085467.1_bin_108,100.0
165522at7147,CM085467.1,CM085467.1_bin_145,100.0
165708at7147,CM085467.1,CM085467.1_bin_171,41.93756479668241
165708at7147,CM085467.1,CM085467.1_bin_172,58.062435203317584
165751at7147,CM085467.1,CM085467.1_bin_266,100.0
165929at7147,CM085467.1,CM085467.1_bin_96,100.0
166761at7147,CM085467.1,CM085467.1_bin_340,100.0
59718at7147,CM085468.1,CM085468.1_bin_122,100.0
59858at7147,CM085468.1,CM085468.1_bin_32,8.413597431548856
59858at7147,CM085468.1,CM085468.1_bin_33,53.33162672127825
59858at7147,CM085468.1,CM085468.1_bin_34,38.25477584717289
60563at7147,CM085468.1,CM085468.1_bin_269,100.0
63635at7147,CM085468.1,CM085468.1_bin_32,100.0
64014at7147,CM085468.1,CM085468.1_bin_104,100.0
64380at7147,CM085468.1,CM085468.1_bin_237,100.0
65054at7147,CM085468.1,CM085468.1_bin_290,100.0
65385at7147,CM085468.1,CM085468.1_bin_197,100.0
65972at7147,CM085468.1,CM085468.1_bin_106,100.0
66519at7147,CM085468.1,CM085468.1_bin_93,100.0
66649at7147,CM085468.1,CM085468.1_bin_305,100.0
67779at7147,CM085468.1,CM085468.1_bin_23,100.0
68211at7147,CM085468.1,CM085468.1_bin_272,100.0
68362at7147,CM085468.1,CM085468.1_bin_106,100.0
68865at7147,CM085468.1,CM085468.1_bin_4,100.0
69019at7147,CM085468.1,CM085468.1_bin_249,100.0
69379at7147,CM085468.1,CM085468.1_bin_243,100.0
69898at7147,CM085468.1,CM085468.1_bin_256,100.0
70637at7147,CM085468.1,CM085468.1_bin_320,100.0
70912at7147,CM085468.1,CM085468.1_bin_9,100.0
71465at7147,CM085468.1,CM085468.1_bin_285,5.479439875527895
71465at7147,CM085468.1,CM085468.1_bin_286,88.90864636585908
71465at7147,CM085468.1,CM085468.1_bin_287,5.611913758613025
71635at7147,CM085468.1,CM085468.1_bin_92,58.71577781294509
71635at7147,CM085468.1,CM085468.1_bin_93,41.284222187054915
72338at7147,CM085468.1,CM085468.1_bin_282,100.0
72599at7147,CM085468.1,CM085468.1_bin_106,100.0
72700at7147,CM085468.1,CM085468.1_bin_238,100.0
72989at7147,CM085468.1,CM085468.1_bin_122,100.0
74832at7147,CM085468.1,CM085468.1_bin_352,100.0
75811at7147,CM085468.1,CM085468.1_bin_242,100.0
97765at7147,CM085468.1,CM085468.1_bin_117,100.0
100567at7147,CM085468.1,CM085468.1_bin_52,97.73919334418521
100567at7147,CM085468.1,CM085468.1_bin_53,2.2608066558147946
114603at7147,CM085468.1,CM085468.1_bin_309,49.194506671861305
114603at7147,CM085468.1,CM085468.1_bin_310,50.805493328138695
152146at7147,CM085468.1,CM085468.1_bin_273,100.0
161360at7147,CM085468.1,CM085468.1_bin_102,100.0
163173at7147,CM085468.1,CM085468.1_bin_290,100.0
163506at7147,CM085468.1,CM085468.1_bin_163,100.0
165182at7147,CM085468.1,CM085468.1_bin_256,100.0
60185at7147,CM085469.1,CM085469.1_bin_7,100.0
60643at7147,CM085469.1,CM085469.1_bin_112,100.0
61386at7147,CM085469.1,CM085469.1_bin_100,100.0
61998at7147,CM085469.1,CM085469.1_bin_138,100.0
62503at7147,CM085469.1,CM085469.1_bin_8,33.78165938864629
62503at7147,CM085469.1,CM085469.1_bin_9,66.21834061135371
62910at7147,CM085469.1,CM085469.1_bin_88,100.0
63905at7147,CM085469.1,CM085469.1_bin_118,100.0
64173at7147,CM085469.1,CM085469.1_bin_88,100.0
65038at7147,CM085469.1,CM085469.1_bin_8,100.0
70045at7147,CM085469.1,CM085469.1_bin_24,100.0
70735at7147,CM085469.1,CM085469.1_bin_43,28.846826538147614
70735at7147,CM085469.1,CM085469.1_bin_44,71.15317346185238
76140at7147,CM085469.1,CM085469.1_bin_43,100.0
147958at7147,CM085469.1,CM085469.1_bin_37,100.0
162912at7147,CM085469.1,CM085469.1_bin_11,100.0
164044at7147,CM085469.1,CM085469.1_bin_46,100.0
164810at7147,CM085469.1,CM085469.1_bin_20,100.0
165857at7147,CM085469.1,CM085469.1_bin_131,30.093201754385966
165857at7147,CM085469.1,CM085469.1_bin_132,69.90679824561403
75288at7147,JBEUDM010000013.1,JBEUDM010000013.1_bin_1,100.0
70877at7147,JBEUDM010000018.1,JBEUDM010000018.1_bin_4,100.0
161816at7147,JBEUDM010000018.1,JBEUDM010000018.1_bin_2,100.0
69898at7147,JBEUDM010000019.1,JBEUDM010000019.1_bin_4,100.0
165182at7147,JBEUDM010000019.1,JBEUDM010000019.1_bin_4,100.0
69602at7147,JBEUDM010000022.1,JBEUDM010000022.1_bin_5,100.0
69166at7147,JBEUDM010000023.1,JBEUDM010000023.1_bin_0,100.0
69166at7147,JBEUDM010000027.1,JBEUDM010000027.1_bin_3,100.0
157964at7147,JBEUDM010000029.1,JBEUDM010000029.1_bin_3,100.0
68238at7147,JBEUDM010000052.1,JBEUDM010000052.1_bin_1,56.28698992835635
68238at7147,JBEUDM010000052.1,JBEUDM010000052.1_bin_2,43.71301007164365
75288at7147,JBEUDM010000053.1,JBEUDM010000053.1_bin_0,100.0
75455at7147,JBEUDM010000128.1,JBEUDM010000128.1_bin_0,100.0
64639at7147,JBEUDM010000158.1,JBEUDM010000158.1_bin_0,100.0
145710at7147,JBEUDM010000168.1,JBEUDM010000168.1_bin_0,100.0
70776at7147,JBEUDM010000209.1,JBEUDM010000209.1_bin_0,100.0
